UniProtKB:E2R4L7	SHMT2	Serine hydroxymethyltransferase		GO:0034340		GO_Central	NCBITaxon:9615	IBA	PANTHER:PTN000188076|UniProtKB:P34897	PANTHER:PTHR11680	protein		PMID:21873635	20180504
UniProtKB:A0A287BKR2	SHMT2	Serine hydroxymethyltransferase		GO:0034340		GO_Central	NCBITaxon:9823	IBA	PANTHER:PTN000188076|UniProtKB:P34897	PANTHER:PTHR11680	protein		PMID:21873635	20180504
UniProtKB:A0A337SVH3	STAT1	Signal transducer and activator of transcription		GO:0060337		GO_Central	NCBITaxon:9685	IBA	PANTHER:PTN002623830|UniProtKB:P42224|MGI:MGI:103063	PANTHER:PTHR11801	protein		PMID:21873635	20190221
UniProtKB:A0A5F4C7S5	LOC606890	Uncharacterized protein		GO:0060337		GO_Central	NCBITaxon:9615	IBA	PANTHER:PTN000360680|MGI:MGI:1913391	PANTHER:PTHR13999	protein		PMID:21873635	20170502
UniProtKB:A0A5F4DH94	LOC483396	Uncharacterized protein		GO:0060337		GO_Central	NCBITaxon:9615	IBA	PANTHER:PTN000360680|MGI:MGI:1913391	PANTHER:PTHR13999	protein		PMID:21873635	20170502
UniProtKB:A0A3B3I0T4	LOC101173855	Signal transducer and activator of transcription		GO:0060337		GO_Central	NCBITaxon:8090	IBA	PANTHER:PTN002623821|MGI:MGI:103039|UniProtKB:P52630	PANTHER:PTHR11801	protein		PMID:21873635	20190221
UniProtKB:A0A3B3IJP2	LOC101158490	Signal transducer and activator of transcription		GO:0060337		GO_Central	NCBITaxon:8090	IBA	PANTHER:PTN002623830|UniProtKB:P42224|MGI:MGI:103063	PANTHER:PTHR11801	protein		PMID:21873635	20190221
UniProtKB:G1KV19	STAT2	Signal transducer and activator of transcription		GO:0060337		GO_Central	NCBITaxon:28377	IBA	PANTHER:PTN002623821|MGI:MGI:103039|UniProtKB:P52630	PANTHER:PTHR11801	protein		PMID:21873635	20190221
UniProtKB:Q95141	IFNAR2	Interferon alpha/beta receptor 2		GO:0004905		GO_Central	NCBITaxon:9913	IBA	PANTHER:PTN000466383|UniProtKB:P48551|MGI:MGI:1098243	PANTHER:PTHR20859	protein		PMID:21873635	20170228
UniProtKB:Q95141	IFNAR2	Interferon alpha/beta receptor 2		GO:0060337		GO_Central	NCBITaxon:9913	IBA	PANTHER:PTN000466383|UniProtKB:P48551	PANTHER:PTHR20859	protein		PMID:21873635	20200930
UniProtKB:A0A5G2QKE0	LOC100519082	Uncharacterized protein		GO:0060337		GO_Central	NCBITaxon:9823	IBA	PANTHER:PTN000360680|MGI:MGI:1913391	PANTHER:PTHR13999	protein		PMID:21873635	20170502
UniProtKB:A0A3Q2HH73	LOC100054725	Interferon-induced transmembrane protein 3		GO:0060337		GO_Central	NCBITaxon:9796	IBA	PANTHER:PTN000360680|MGI:MGI:1913391	PANTHER:PTHR13999	protein		PMID:21873635	20170502
UniProtKB:H2R5P4	IFITM1	Interferon induced transmembrane protein 1		GO:0060337		GO_Central	NCBITaxon:9598	IBA	PANTHER:PTN000360680|MGI:MGI:1913391	PANTHER:PTHR13999	protein		PMID:21873635	20170502
UniProtKB:A0A5G2QR81	IFNAR1	Interferon alpha/beta receptor 1		GO:0004905		GO_Central	NCBITaxon:9823	IBA	PANTHER:PTN000466264|UniProtKB:P17181|MGI:MGI:107658	PANTHER:PTHR20859	protein		PMID:21873635	20210728
UniProtKB:A0A5G2QR81	IFNAR1	Interferon alpha/beta receptor 1		GO:0060337		GO_Central	NCBITaxon:9823	IBA	PANTHER:PTN000466264|MGI:MGI:107658|UniProtKB:P17181	PANTHER:PTHR20859	protein		PMID:21873635	20210728
UniProtKB:A0A3Q2I078	SHMT2	Serine hydroxymethyltransferase		GO:0034340		GO_Central	NCBITaxon:9796	IBA	PANTHER:PTN000188076|UniProtKB:P34897	PANTHER:PTHR11680	protein		PMID:21873635	20180504
UniProtKB:A0A3Q2HNN3	A0A3Q2HNN3	Uncharacterized protein		GO:0060337		GO_Central	NCBITaxon:9796	IBA	PANTHER:PTN000360680|MGI:MGI:1913391	PANTHER:PTHR13999	protein		PMID:21873635	20170502
UniProtKB:A0A5G2QA15	IFITM3	Uncharacterized protein		GO:0060337		GO_Central	NCBITaxon:9823	IBA	PANTHER:PTN000360680|MGI:MGI:1913391	PANTHER:PTHR13999	protein		PMID:21873635	20170502
UniProtKB:A0A5F4C5Z6	IFNAR1	Uncharacterized protein		GO:0004905		GO_Central	NCBITaxon:9615	IBA	PANTHER:PTN000466264|UniProtKB:P17181|MGI:MGI:107658	PANTHER:PTHR20859	protein		PMID:21873635	20210728
UniProtKB:A0A5F4C5Z6	IFNAR1	Uncharacterized protein		GO:0060337		GO_Central	NCBITaxon:9615	IBA	PANTHER:PTN000466264|MGI:MGI:107658|UniProtKB:P17181	PANTHER:PTHR20859	protein		PMID:21873635	20210728
UniProtKB:A0A5F4D1T5	A0A5F4D1T5	Uncharacterized protein		GO:0060337		GO_Central	NCBITaxon:9615	IBA	PANTHER:PTN000360680|MGI:MGI:1913391	PANTHER:PTHR13999	protein		PMID:21873635	20170502
UniProtKB:H2L389	LOC101154761	Signal transducer and activator of transcription		GO:0060337		GO_Central	NCBITaxon:8090	IBA	PANTHER:PTN002623830|UniProtKB:P42224|MGI:MGI:103063	PANTHER:PTHR11801	protein		PMID:21873635	20190221
UniProtKB:W5MUZ4	W5MUZ4	Signal transducer and activator of transcription		GO:0060337		GO_Central	NCBITaxon:7918	IBA	PANTHER:PTN002623830|UniProtKB:P42224|MGI:MGI:103063	PANTHER:PTHR11801	protein		PMID:21873635	20190221
UniProtKB:W5ML39	W5ML39	Signal transducer and activator of transcription		GO:0060337		GO_Central	NCBITaxon:7918	IBA	PANTHER:PTN002623821|MGI:MGI:103039|UniProtKB:P52630	PANTHER:PTHR11801	protein		PMID:21873635	20190221
UniProtKB:H2QKY9	IFNAR1	Interferon alpha/beta receptor 1		GO:0060337		GO_Central	NCBITaxon:9598	IBA	PANTHER:PTN000466264|MGI:MGI:107658|UniProtKB:P17181	PANTHER:PTHR20859	protein		PMID:21873635	20210728
UniProtKB:H2QKY9	IFNAR1	Interferon alpha/beta receptor 1		GO:0004905		GO_Central	NCBITaxon:9598	IBA	PANTHER:PTN000466264|UniProtKB:P17181|MGI:MGI:107658	PANTHER:PTHR20859	protein		PMID:21873635	20210728
UniProtKB:A0A5F4CY70	A0A5F4CY70	Uncharacterized protein		GO:0060337		GO_Central	NCBITaxon:9615	IBA	PANTHER:PTN000360680|MGI:MGI:1913391	PANTHER:PTHR13999	protein		PMID:21873635	20170502
UniProtKB:A0A6I8N1E1	LOC114810307	Uncharacterized protein		GO:0060337		GO_Central	NCBITaxon:9258	IBA	PANTHER:PTN000360680|MGI:MGI:1913391	PANTHER:PTHR13999	protein		PMID:21873635	20170502
UniProtKB:A0A286ZYF4	LOC100626247	Uncharacterized protein		GO:0060337		GO_Central	NCBITaxon:9823	IBA	PANTHER:PTN000360680|MGI:MGI:1913391	PANTHER:PTHR13999	protein		PMID:21873635	20170502
UniProtKB:G3R410	SHMT2	Serine hydroxymethyltransferase		GO:0034340		GO_Central	NCBITaxon:9595	IBA	PANTHER:PTN000188076|UniProtKB:P34897	PANTHER:PTHR11680	protein		PMID:21873635	20180504
UniProtKB:A0A5K1USE8	IFNAR1	Interferon alpha/beta receptor 1		GO:0004905		GO_Central	NCBITaxon:9544	IBA	PANTHER:PTN000466264|UniProtKB:P17181|MGI:MGI:107658	PANTHER:PTHR20859	protein		PMID:21873635	20210728
UniProtKB:A0A5K1USE8	IFNAR1	Interferon alpha/beta receptor 1		GO:0060337		GO_Central	NCBITaxon:9544	IBA	PANTHER:PTN000466264|MGI:MGI:107658|UniProtKB:P17181	PANTHER:PTHR20859	protein		PMID:21873635	20210728
UniProtKB:F6RQE8	F6RQE8	Uncharacterized protein		GO:0060337		GO_Central	NCBITaxon:9796	IBA	PANTHER:PTN000360680|MGI:MGI:1913391	PANTHER:PTHR13999	protein		PMID:21873635	20170502
UniProtKB:G3S872	G3S872	Uncharacterized protein		GO:0060337		GO_Central	NCBITaxon:9595	IBA	PANTHER:PTN000360680|MGI:MGI:1913391	PANTHER:PTHR13999	protein		PMID:21873635	20170502
UniProtKB:A0A1D5Q4D6	SHMT2	Serine hydroxymethyltransferase		GO:0034340		GO_Central	NCBITaxon:9544	IBA	PANTHER:PTN000188076|UniProtKB:P34897	PANTHER:PTHR11680	protein		PMID:21873635	20180504
UniProtKB:A0A5F8HAS6	LOC103106173	Uncharacterized protein		GO:0060337		GO_Central	NCBITaxon:13616	IBA	PANTHER:PTN000360680|MGI:MGI:1913391	PANTHER:PTHR13999	protein		PMID:21873635	20170502
UniProtKB:K7BCQ7	SHMT2	Serine hydroxymethyltransferase		GO:0034340		GO_Central	NCBITaxon:9598	IBA	PANTHER:PTN000188076|UniProtKB:P34897	PANTHER:PTHR11680	protein		PMID:21873635	20180504
UniProtKB:G1KF84	STAT1	Signal transducer and activator of transcription 1		GO:0060337		GO_Central	NCBITaxon:28377	IBA	PANTHER:PTN002623830|UniProtKB:P42224|MGI:MGI:103063	PANTHER:PTHR11801	protein		PMID:21873635	20190221
UniProtKB:A0A3Q2L3I5	STAT1	Signal transducer and activator of transcription		GO:0060337		GO_Central	NCBITaxon:9796	IBA	PANTHER:PTN002623830|UniProtKB:P42224|MGI:MGI:103063	PANTHER:PTHR11801	protein		PMID:21873635	20190221
UniProtKB:F7DFB0	STAT1	Signal transducer and activator of transcription		GO:0060337		GO_Central	NCBITaxon:13616	IBA	PANTHER:PTN002623830|UniProtKB:P42224|MGI:MGI:103063	PANTHER:PTHR11801	protein		PMID:21873635	20190221
UniProtKB:A0A1D5RHF9	A0A1D5RHF9	Uncharacterized protein		GO:0060337		GO_Central	NCBITaxon:9544	IBA	PANTHER:PTN000360680|MGI:MGI:1913391	PANTHER:PTHR13999	protein		PMID:21873635	20170502
UniProtKB:A0A337STT4	A0A337STT4	Uncharacterized protein		GO:0060337		GO_Central	NCBITaxon:9685	IBA	PANTHER:PTN000360680|MGI:MGI:1913391	PANTHER:PTHR13999	protein		PMID:21873635	20170502
UniProtKB:A0A2I3SEQ0	LOC101057658	Uncharacterized protein		GO:0060337		GO_Central	NCBITaxon:9598	IBA	PANTHER:PTN000360680|MGI:MGI:1913391	PANTHER:PTHR13999	protein		PMID:21873635	20170502
UniProtKB:Q91197	mx3	Interferon-induced GTP-binding protein Mx3		GO:0034340		AgBase	NCBITaxon:8022	ISS	UniProtKB:Q98990		protein		GO_REF:0000024	20150522
UniProtKB:Q91197	mx3	Interferon-induced GTP-binding protein Mx3		GO:0034340		AgBase	NCBITaxon:8022	ISS	UniProtKB:Q98991		protein		GO_REF:0000024	20150522
UniProtKB:Q91197	mx3	Interferon-induced GTP-binding protein Mx3		GO:0034340		AgBase	NCBITaxon:8022	ISS	UniProtKB:Q98992		protein		GO_REF:0000024	20150522
UniProtKB:Q91196	mx2	Interferon-induced GTP-binding protein Mx2		GO:0034340		AgBase	NCBITaxon:8022	ISS	UniProtKB:Q98990		protein		GO_REF:0000024	20150522
UniProtKB:Q91196	mx2	Interferon-induced GTP-binding protein Mx2		GO:0034340		AgBase	NCBITaxon:8022	ISS	UniProtKB:Q98991		protein		GO_REF:0000024	20150522
UniProtKB:Q91196	mx2	Interferon-induced GTP-binding protein Mx2		GO:0034340		AgBase	NCBITaxon:8022	ISS	UniProtKB:Q98992		protein		GO_REF:0000024	20150522
UniProtKB:Q70I18	IFN1	Type I interferon 1		GO:0060337		AgBase	NCBITaxon:8022	IMP			protein		PMID:24244163	20150305
UniProtKB:Q70I18	IFN1	Type I interferon 1		GO:0060337		AgBase	NCBITaxon:8022	ISS	UniProtKB:Q6XQG7		protein		GO_REF:0000024	20150522
UniProtKB:Q8AXA2	UBLP	Ubiquitin-like domain-containing protein		GO:0034340		AgBase	NCBITaxon:8022	ISS	UniProtKB:B5XFU9		protein		GO_REF:0000024	20150522
UniProtKB:Q8AXA2	UBLP	Ubiquitin-like domain-containing protein		GO:0034340		AgBase	NCBITaxon:8022	ISS	UniProtKB:Q29W12		protein		GO_REF:0000024	20150522
UniProtKB:Q29W12	LOC100136541	Ubiquitin-like domain-containing protein		GO:0071357		AgBase	NCBITaxon:8030	IDA			protein		PMID:16697044	20160321
UniProtKB:Q29W12	LOC100136541	Ubiquitin-like domain-containing protein		GO:0034340	"{""relationship"": {""relation"": [{""id"": ""BFO:0000066"", ""label"": ""occurs in""}], ""id"": ""UBERON:0002107"", ""label"": ""liver""}}|{""relationship"": {""relation"": [{""id"": ""BFO:0000066"", ""label"": ""occurs in""}], ""id"": ""UBERON:0000948"", ""label"": ""heart""}}"	AgBase	NCBITaxon:8030	IDA			protein		PMID:24996122	20150522
UniProtKB:B5XFU9	UBIL	Ubiquitin-like domain-containing protein		GO:0071357		AgBase	NCBITaxon:8030	IDA			protein		PMID:16697044	20160321
UniProtKB:B5XFU9	UBIL	Ubiquitin-like domain-containing protein		GO:0034340	"{""relationship"": {""relation"": [{""id"": ""BFO:0000066"", ""label"": ""occurs in""}], ""id"": ""UBERON:0002107"", ""label"": ""liver""}}|{""relationship"": {""relation"": [{""id"": ""BFO:0000066"", ""label"": ""occurs in""}], ""id"": ""UBERON:0000948"", ""label"": ""heart""}}"	AgBase	NCBITaxon:8030	IDA			protein		PMID:24996122	20150522
UniProtKB:Q5U778	Q5U778	Type I interferon		GO:0060337		AgBase	NCBITaxon:8022	IMP			protein		PMID:24244163	20150305
UniProtKB:Q5U778	Q5U778	Type I interferon		GO:0060337		AgBase	NCBITaxon:8022	ISS	UniProtKB:Q6XQG7		protein		GO_REF:0000024	20150522
UniProtKB:Q91192	mx1	Interferon-induced GTP-binding protein Mx1		GO:0034340		AgBase	NCBITaxon:8022	ISS	UniProtKB:Q98990		protein		GO_REF:0000024	20150522
UniProtKB:Q91192	mx1	Interferon-induced GTP-binding protein Mx1		GO:0034340		AgBase	NCBITaxon:8022	ISS	UniProtKB:Q98991		protein		GO_REF:0000024	20150522
UniProtKB:Q91192	mx1	Interferon-induced GTP-binding protein Mx1		GO:0034340		AgBase	NCBITaxon:8022	ISS	UniProtKB:Q98992		protein		GO_REF:0000024	20150522
UniProtKB:C0PUF7	STAT3	SH2 domain-containing protein		GO:0071357		AgBase	NCBITaxon:8030	IDA			protein		PMID:25379383	20160315
UniProtKB:B9UYM8	STAT2	Signal transducer and activator of transcription		GO:0071357		AgBase	NCBITaxon:8030	IDA			protein		PMID:25379383	20160315
UniProtKB:Q6XQG7	IFNA1	IFNa1		GO:0060337		AgBase	NCBITaxon:8030	IMP			protein		PMID:24582990	20150522
UniProtKB:Q6XQG7	IFNA1	IFNa1		GO:0060337		GO_Central	NCBITaxon:8030	IDA			protein		PMID:21697489	20220920
UniProtKB:Q6XQG6	IFNA2	Interferon alpha 2 precursor		GO:0060337		AgBase	NCBITaxon:8030	ISS	UniProtKB:Q6XQG7		protein		GO_REF:0000024	20150522
UniProtKB:A7LH49	LOC100136558	Signal transducer and activator of transcription		GO:0071357		AgBase	NCBITaxon:8030	IDA			protein		PMID:25379383	20160315
UniProtKB:B7SVJ4	B7SVJ4	Interferon a3-like		GO:0060337		AgBase	NCBITaxon:8030	ISS	UniProtKB:Q6XQG7		protein		GO_REF:0000024	20150522
UniProtKB:Q98992	LOC100136587	Mx3 protein		GO:0034340	"{""relationship"": {""relation"": [{""id"": ""BFO:0000066"", ""label"": ""occurs in""}], ""id"": ""UBERON:0002107"", ""label"": ""liver""}}|{""relationship"": {""relation"": [{""id"": ""BFO:0000066"", ""label"": ""occurs in""}], ""id"": ""UBERON:0000948"", ""label"": ""heart""}}"	AgBase	NCBITaxon:8030	IDA			protein		PMID:24996122	20150522
UniProtKB:Q98991	mx2	Mx2 protein		GO:0034340	"{""relationship"": {""relation"": [{""id"": ""BFO:0000066"", ""label"": ""occurs in""}], ""id"": ""UBERON:0002107"", ""label"": ""liver""}}|{""relationship"": {""relation"": [{""id"": ""BFO:0000066"", ""label"": ""occurs in""}], ""id"": ""UBERON:0000948"", ""label"": ""heart""}}"	AgBase	NCBITaxon:8030	IDA			protein		PMID:24996122	20150522
UniProtKB:Q98990	mx2	Myxovirus resistance 2 isoform X1		GO:0034340	"{""relationship"": {""relation"": [{""id"": ""BFO:0000066"", ""label"": ""occurs in""}], ""id"": ""UBERON:0002107"", ""label"": ""liver""}}|{""relationship"": {""relation"": [{""id"": ""BFO:0000066"", ""label"": ""occurs in""}], ""id"": ""UBERON:0000948"", ""label"": ""heart""}}"	AgBase	NCBITaxon:8030	IDA			protein		PMID:24996122	20150522
UniProtKB:A0A060YZB6	GSONMT00008100001	Interferon a3-like		GO:0060337		AgBase	NCBITaxon:8022	ISS	UniProtKB:Q6XQG7		protein		GO_REF:0000024	20150522
UniProtKB:Q6WVG1	IFN	Interferon		GO:0060337		AgBase	NCBITaxon:7998	IMP			protein		PMID:12969796	20150305
UniProtKB:B5X3E8	STAT1	Signal transducer and activator of transcription		GO:0071357		AgBase	NCBITaxon:8030	IDA			protein		PMID:25379383	20160315
UniProtKB:Q28589	IFNAR1	Interferon alpha/beta receptor 1		GO:0004905		UniProt	NCBITaxon:9940	ISS	UniProtKB:P17181		protein		GO_REF:0000024	20151215
UniProtKB:Q28589	IFNAR1	Interferon alpha/beta receptor 1		GO:0060337		UniProt	NCBITaxon:9940	ISS	UniProtKB:P17181		protein		GO_REF:0000024	20151215
UniProtKB:Q1A3D7	IFNA2	Interferon alpha 2		GO:0060337		AgBase	NCBITaxon:8030	ISS	UniProtKB:Q6XQG7		protein		GO_REF:0000024	20150522
UniProtKB:Q95207	IFNAR2	Interferon alpha/beta receptor 2		GO:0004905		UniProt	NCBITaxon:9940	ISS	UniProtKB:P48551		protein		GO_REF:0000024	20101029
UniProtKB:Q95207	IFNAR2	Interferon alpha/beta receptor 2		GO:0060337		UniProt	NCBITaxon:9940	ISS	UniProtKB:P48551		protein		GO_REF:0000024	20160613
UniProtKB:P14519	SHMT2	Serine hydroxymethyltransferase, mitochondrial		GO:0034340		UniProt	NCBITaxon:9986	ISS	UniProtKB:P34897		protein		GO_REF:0000024	20151215
UniProtKB:K7NA32	ifnar1a	Interferon alpha/beta receptor 1a		GO:0060337		AgBase	NCBITaxon:8022	IMP			protein		PMID:24244163	20150305
UniProtKB:X2KN52	X2KN52	Signal transducer and activator of transcription		GO:0071357		AgBase	NCBITaxon:8030	IDA			protein		PMID:25379383	20160315
UniProtKB:X2KK07	X2KK07	Signal transducer and activator of transcription		GO:0071357		AgBase	NCBITaxon:8030	IDA			protein		PMID:25379383	20160315
UniProtKB:V5JFY4	ifnar2	Interferon alpha/beta receptor 2		GO:0004905		AgBase	NCBITaxon:8022	IMP			protein		PMID:24244163	20141218
UniProtKB:V5JFY4	ifnar2	Interferon alpha/beta receptor 2		GO:0060337		AgBase	NCBITaxon:8022	IMP			protein		PMID:24244163	20150305
UniProtKB:K7NAJ3	ifnar1b	Interferon alpha/beta receptor 1b		GO:0004905		AgBase	NCBITaxon:8022	IMP			protein		PMID:24244163	20141218
RGD:628821	Mx2	MX dynamin like GTPase 2		GO:0071357		RGD	NCBITaxon:10116	ISO	RGD:14285457	PANTHER:PTHR11566	gene		RGD:1624291	20150319
RGD:1565995	Shfl	shiftless antiviral inhibitor of ribosomal frameshifting		GO:0034340		UniProt	NCBITaxon:10116	ISS	UniProtKB:Q9NUL5		gene		GO_REF:0000024|RGD:1600115	20160201
RGD:1565995	Shfl	shiftless antiviral inhibitor of ribosomal frameshifting		GO:0034340		RGD	NCBITaxon:10116	ISO	UniProtKB:Q9NUL5		gene		RGD:1624291	20160201
RGD:1359550	Sp100	SP100 nuclear antigen		GO:0034340		RGD	NCBITaxon:10116	ISO	UniProtKB:P23497		gene		RGD:1624291	20081021
RGD:1359550	Sp100	SP100 nuclear antigen		GO:0034340		RGD	NCBITaxon:10116	ISO	UniProtKB:P23497|UniProtKB:P23497-1|UniProtKB:P23497-2|UniProtKB:P23497-3|UniProtKB:P23497-4		gene		RGD:1624291	20081029
RGD:1310575	Ch25h	cholesterol 25-hydroxylase		GO:0034340		UniProt	NCBITaxon:10116	ISS	UniProtKB:O95992	PANTHER:PTHR11863	gene		GO_REF:0000024|RGD:1600115	20210616
RGD:1310575	Ch25h	cholesterol 25-hydroxylase		GO:0034340		RGD	NCBITaxon:10116	ISO	UniProtKB:O95992	PANTHER:PTHR11863	gene		RGD:1624291	20210616
UniProtKB:A0A0G2K2T5	A0A0G2K2T5	Uncharacterized protein		GO:0060337		GO_Central	NCBITaxon:10116	IBA	PANTHER:PTN000360680|MGI:MGI:1913391	PANTHER:PTHR13999	protein		PMID:21873635	20170502
RGD:69332	Ifitm2	interferon induced transmembrane protein 2		GO:0060337		GO_Central	NCBITaxon:10116	IBA	PANTHER:PTN000360680|MGI:MGI:1913391	PANTHER:PTHR13999	gene		PMID:21873635	20170502
RGD:40958426	Trim56	tripartite motif containing 56		GO:0034340		RGD	NCBITaxon:10116	ISO	MGI:2685298		gene		RGD:1624291	20101217
RGD:621760	Oas1a	2'-5' oligoadenylate synthetase 1A		GO:0060337		RGD	NCBITaxon:10116	ISO	UniProtKB:P00973|UniProtKB:P00973-1	PANTHER:PTHR11258	gene		RGD:1624291	20210203
RGD:1359697	Oas2	2'-5' oligoadenylate synthetase 2		GO:0060337		UniProt	NCBITaxon:10116	ISS	UniProtKB:E9Q9A9	PANTHER:PTHR11258	gene		GO_REF:0000024|RGD:1600115	20180220
RGD:1359697	Oas2	2'-5' oligoadenylate synthetase 2		GO:0060337		RGD	NCBITaxon:10116	ISO	MGI:2180852	PANTHER:PTHR11258	gene		RGD:1624291	20180220
ZFIN:ZDB-GENE-030616-23	stat1b	signal transducer and activator of transcription 1b		GO:0060337		GO_Central	NCBITaxon:7955	IBA	PANTHER:PTN002623830|UniProtKB:P42224|MGI:MGI:103063	PANTHER:PTHR11801	protein_coding_gene		PMID:21873635	20190221
ZFIN:ZDB-GENE-980526-499	stat1a	signal transducer and activator of transcription 1a		GO:0060337		GO_Central	NCBITaxon:7955	IBA	PANTHER:PTN002623830|UniProtKB:P42224|MGI:MGI:103063	PANTHER:PTHR11801	protein_coding_gene		PMID:21873635	20190221
ZFIN:ZDB-GENE-090821-7	rigi	RNA sensor RIG-I		GO:0060337		ZFIN	NCBITaxon:7955	IMP	ZFIN:ZDB-MRPHLNO-150423-1		protein_coding_gene		PMID:25634257	20150710
ZFIN:ZDB-GENE-080321-1	stat2	signal transducer and activator of transcription 2		GO:0060337		GO_Central	NCBITaxon:7955	IBA	PANTHER:PTN002623821|MGI:MGI:103039|UniProtKB:P52630	PANTHER:PTHR11801	protein_coding_gene		PMID:21873635	20190221
RGD:1311649	Stat2	signal transducer and activator of transcription 2		GO:0060337		RGD	NCBITaxon:10116	ISO	MGI:103039	PANTHER:PTHR11801	gene		RGD:1624291	20210203
RGD:1311649	Stat2	signal transducer and activator of transcription 2		GO:0060337		RGD	NCBITaxon:10116	ISO	UniProtKB:P52630	PANTHER:PTHR11801	gene		RGD:1624291	20201221
RGD:1311649	Stat2	signal transducer and activator of transcription 2		GO:0060337		GO_Central	NCBITaxon:10116	IBA	PANTHER:PTN002623821|MGI:MGI:103039|UniProtKB:P52630	PANTHER:PTHR11801	gene		PMID:21873635	20190221
RGD:1583177	Ifnar2	interferon alpha and beta receptor subunit 2		GO:0004905		RGD	NCBITaxon:10116	ISO	MGI:1098243	PANTHER:PTHR20859	gene		RGD:1624291	20011001
RGD:1583177	Ifnar2	interferon alpha and beta receptor subunit 2		GO:0004905		RGD	NCBITaxon:10116	ISO	UniProtKB:P48551	PANTHER:PTHR20859	gene		RGD:1624291	20101029
RGD:1583177	Ifnar2	interferon alpha and beta receptor subunit 2		GO:0060337		RGD	NCBITaxon:10116	ISO	UniProtKB:P48551	PANTHER:PTHR20859	gene		RGD:1624291	20220701
RGD:1583177	Ifnar2	interferon alpha and beta receptor subunit 2		GO:0060337		GO_Central	NCBITaxon:10116	IBA	PANTHER:PTN000466383|UniProtKB:P48551	PANTHER:PTHR20859	gene		PMID:21873635	20200930
RGD:1583177	Ifnar2	interferon alpha and beta receptor subunit 2		GO:0004905		GO_Central	NCBITaxon:10116	IBA	PANTHER:PTN000466383|UniProtKB:P48551|MGI:MGI:1098243	PANTHER:PTHR20859	gene		PMID:21873635	20170228
RGD:735043	Myd88	MYD88, innate immune signal transduction adaptor		GO:0060337		RGD	NCBITaxon:10116	ISO	UniProtKB:Q99836	PANTHER:PTHR15079	gene		RGD:1624291	20170315
RGD:619979	Hdac4	histone deacetylase 4		GO:0060337		RGD	NCBITaxon:10116	ISO	UniProtKB:P56524	PANTHER:PTHR45364	gene		RGD:1624291	20220705
RGD:3771	Stat1	signal transducer and activator of transcription 1		GO:0034340	"{""relationship"": {""relation"": [{""id"": ""BFO:0000066"", ""label"": ""occurs in""}], ""id"": ""EMAPA:16728"", ""label"": ""EMAPA:16728""}}"	RGD	NCBITaxon:10116	ISO	MGI:103063	PANTHER:PTHR11801	gene		RGD:1624291	20150709
RGD:3771	Stat1	signal transducer and activator of transcription 1		GO:0060337		RGD	NCBITaxon:10116	ISO	MGI:103063	PANTHER:PTHR11801	gene		RGD:1624291	20140323
RGD:3771	Stat1	signal transducer and activator of transcription 1		GO:0060337		RGD	NCBITaxon:10116	ISO	UniProtKB:P42224	PANTHER:PTHR11801	gene		RGD:1624291	20170510
RGD:3771	Stat1	signal transducer and activator of transcription 1		GO:0060337		GO_Central	NCBITaxon:10116	IBA	PANTHER:PTN002623830|UniProtKB:P42224|MGI:MGI:103063	PANTHER:PTHR11801	gene		PMID:21873635	20190221
RGD:1560496	Ifih1	interferon induced with helicase C domain 1		GO:0060337		RGD	NCBITaxon:10116	ISO	MGI:1918836	PANTHER:PTHR14074	gene		RGD:1624291	20230113
RGD:2865	Ifnb1	interferon beta 1		GO:0060337		RGD	NCBITaxon:10116	ISO	MGI:107657	PANTHER:PTHR11691	gene		RGD:1624291	20181129
RGD:2865	Ifnb1	interferon beta 1		GO:0060337		RGD	NCBITaxon:10116	ISO	UniProtKB:P01574	PANTHER:PTHR11691	gene		RGD:1624291	20140704
RGD:1306135	Ifna1	interferon, alpha 1		GO:0060337		RGD	NCBITaxon:10116	ISO	MGI:107668		gene		RGD:1624291	20170124
RGD:1549774	Irf3	interferon regulatory factor 3		GO:0060337		RGD	NCBITaxon:10116	ISO	MGI:1859179	PANTHER:PTHR11949	gene		RGD:1624291	20181129
RGD:1549719	Smpd1	sphingomyelin phosphodiesterase 1		GO:0034340		RGD	NCBITaxon:10116	ISO	UniProtKB:P17405	PANTHER:PTHR10340	gene		RGD:1624291	20201127
RGD:2320469	Tyk2	tyrosine kinase 2		GO:0060337		RGD	NCBITaxon:10116	ISO	UniProtKB:P29597	PANTHER:PTHR45807	gene		RGD:1624291	20220706
RGD:69057	Nr1i2	nuclear receptor subfamily 1, group I, member 2		GO:0071357		RGD	NCBITaxon:10116	ISO	RGD:14027357	PANTHER:PTHR24082	gene		RGD:1624291	20150305
RGD:69056	Jak1	Janus kinase 1		GO:0060337		RGD	NCBITaxon:10116	ISO	UniProtKB:P23458	PANTHER:PTHR45807	gene		RGD:1624291	20220706
UniProtKB:D4A096	D4A096	Uncharacterized protein		GO:0060337		GO_Central	NCBITaxon:10116	IBA	PANTHER:PTN000360680|MGI:MGI:1913391	PANTHER:PTHR13999	protein		PMID:21873635	20170502
RGD:1307601	Ifitm1	interferon induced transmembrane protein 1		GO:0060337		GO_Central	NCBITaxon:10116	IBA	PANTHER:PTN000360680|MGI:MGI:1913391	PANTHER:PTHR13999	gene		PMID:21873635	20170502
RGD:1304718	Ifitm6	Interferon-induced transmembrane protein 6		GO:0060337		GO_Central	NCBITaxon:10116	IBA	PANTHER:PTN000360680|MGI:MGI:1913391	PANTHER:PTHR13999	protein		PMID:21873635	20170502
RGD:69404	Ifi27	interferon, alpha-inducible protein 27		GO:0060337		RGD	NCBITaxon:10116	ISO	UniProtKB:P40305	PANTHER:PTHR16932	gene		RGD:1624291	20180828
RGD:1559497	Trim65	tripartite motif-containing 65		GO:0060337		RGD	NCBITaxon:10116	ISO	MGI:2442815	PANTHER:PTHR25465	gene		RGD:1624291	20230113
MGI:MGI:2180860	Oas1a	2'-5' oligoadenylate synthetase 1A		GO:0060337		MGI	NCBITaxon:10090	ISO	UniProtKB:P00973	PANTHER:PTHR11258	protein_coding_gene		MGI:MGI:4834177|GO_REF:0000096	20210203
MGI:MGI:2180855	Oas1f	2'-5' oligoadenylate synthetase 1F		GO:0060337		MGI	NCBITaxon:10090	ISO	UniProtKB:P00973	PANTHER:PTHR11258	protein_coding_gene		MGI:MGI:4834177|GO_REF:0000096	20210203
MGI:MGI:2180853	Oas1h	2'-5' oligoadenylate synthetase 1H		GO:0060337		MGI	NCBITaxon:10090	ISO	UniProtKB:P00973	PANTHER:PTHR11258	protein_coding_gene		MGI:MGI:4834177|GO_REF:0000096	20210203
MGI:MGI:2180852	Oas2	2'-5' oligoadenylate synthetase 2		GO:0060337		UniProt	NCBITaxon:10090	IDA		PANTHER:PTHR11258	protein_coding_gene		MGI:MGI:6094812|PMID:29117179	20180220
MGI:MGI:107668	Ifna1	interferon alpha 1		GO:0060337		CAFA	NCBITaxon:10090	IDA		PANTHER:PTHR11691	protein_coding_gene		MGI:MGI:5583923|PMID:24784232	20170124
MGI:MGI:107658	Ifnar1	interferon (alpha and beta) receptor 1		GO:0004905		UniProt	NCBITaxon:10090	IMP		PANTHER:PTHR20859	protein_coding_gene		MGI:MGI:5705226|PMID:14532120	20151211
MGI:MGI:107658	Ifnar1	interferon (alpha and beta) receptor 1		GO:0004905		UniProt	NCBITaxon:10090	IDA		PANTHER:PTHR20859	protein_coding_gene		MGI:MGI:5562515|PMID:23872679	20151214
MGI:MGI:107658	Ifnar1	interferon (alpha and beta) receptor 1		GO:0004905		MGI	NCBITaxon:10090	ISO	UniProtKB:P17181	PANTHER:PTHR20859	protein_coding_gene		MGI:MGI:4834177|GO_REF:0000096	20220701
MGI:MGI:107658	Ifnar1	interferon (alpha and beta) receptor 1		GO:0060337		UniProt	NCBITaxon:10090	IMP		PANTHER:PTHR20859	protein_coding_gene		MGI:MGI:5705226|PMID:14532120	20151211
MGI:MGI:107658	Ifnar1	interferon (alpha and beta) receptor 1		GO:0060337		UniProt	NCBITaxon:10090	IMP		PANTHER:PTHR20859	protein_coding_gene		MGI:MGI:5792628|PMID:27129230	20181129
MGI:MGI:107658	Ifnar1	interferon (alpha and beta) receptor 1		GO:0060337		MGI	NCBITaxon:10090	ISO	UniProtKB:P17181	PANTHER:PTHR20859	protein_coding_gene		MGI:MGI:4834177|GO_REF:0000096	20220701
MGI:MGI:107658	Ifnar1	interferon (alpha and beta) receptor 1		GO:0060337		UniProt	NCBITaxon:10090	IDA		PANTHER:PTHR20859	protein_coding_gene		MGI:MGI:5562515|PMID:23872679	20151214
MGI:MGI:107658	Ifnar1	interferon (alpha and beta) receptor 1		GO:0004905		GO_Central	NCBITaxon:10090	IBA	PANTHER:PTN000466264|UniProtKB:P17181|MGI:MGI:107658	PANTHER:PTHR20859	protein_coding_gene		PMID:21873635	20210728
MGI:MGI:107658	Ifnar1	interferon (alpha and beta) receptor 1		GO:0060337		GO_Central	NCBITaxon:10090	IBA	PANTHER:PTN000466264|MGI:MGI:107658|UniProtKB:P17181	PANTHER:PTHR20859	protein_coding_gene		PMID:21873635	20210728
MGI:MGI:107657	Ifnb1	interferon beta 1, fibroblast		GO:0060337		UniProt	NCBITaxon:10090	IMP		PANTHER:PTHR11691	protein_coding_gene		MGI:MGI:5792628|PMID:27129230	20181129
MGI:MGI:107657	Ifnb1	interferon beta 1, fibroblast		GO:0060337		MGI	NCBITaxon:10090	ISO	UniProtKB:P01574	PANTHER:PTHR11691	protein_coding_gene		MGI:MGI:4834177|GO_REF:0000096	20140704
MGI:MGI:1921732	Ifitm7	interferon induced transmembrane protein 7		GO:0060337		GO_Central	NCBITaxon:10090	IBA	PANTHER:PTN000360680|MGI:MGI:1913391	PANTHER:PTHR13999	protein_coding_gene		PMID:21873635	20170502
MGI:MGI:1918177	Setd2	SET domain containing 2		GO:0034340		MGI	NCBITaxon:10090	ISO	UniProtKB:Q9BYW2	PANTHER:PTHR46711	protein_coding_gene		MGI:MGI:4834177|GO_REF:0000096	20170824
MGI:MGI:1918836	Ifih1	interferon induced with helicase C domain 1		GO:0060337		MGI	NCBITaxon:10090	IMP	MGI:MGI:3663677	PANTHER:PTHR14074	protein_coding_gene		PMID:28031478	20230113
MGI:MGI:1915963	Ifitm1	interferon induced transmembrane protein 1		GO:0060337		GO_Central	NCBITaxon:10090	IBA	PANTHER:PTN000360680|MGI:MGI:1913391	PANTHER:PTHR13999	protein_coding_gene		PMID:21873635	20170502
MGI:MGI:1859212	Irf7	interferon regulatory factor 7		GO:0060337		UniProt	NCBITaxon:10090	IMP		PANTHER:PTHR11949	protein_coding_gene		MGI:MGI:5792628|PMID:27129230	20181129
MGI:MGI:1859179	Irf3	interferon regulatory factor 3		GO:0060337		UniProt	NCBITaxon:10090	IMP		PANTHER:PTHR11949	protein_coding_gene		MGI:MGI:5792628|PMID:27129230	20181129
MGI:MGI:2685298	Trim56	tripartite motif-containing 56		GO:0034340		UniProt	NCBITaxon:10090	IDA		PANTHER:PTHR25462	protein_coding_gene		MGI:MGI:4849871|PMID:21074459	20101217
MGI:MGI:2441788	Shfl	shiftless antiviral inhibitor of ribosomal frameshifting		GO:0034340		MGI	NCBITaxon:10090	ISO	UniProtKB:Q9NUL5	PANTHER:PTHR16135	protein_coding_gene		MGI:MGI:4834177|GO_REF:0000096	20160201
MGI:MGI:108005	Myd88	myeloid differentiation primary response gene 88		GO:0060337		MGI	NCBITaxon:10090	ISO	UniProtKB:Q99836	PANTHER:PTHR15079	protein_coding_gene		MGI:MGI:4834177|GO_REF:0000096	20170315
MGI:MGI:1929470	Tyk2	tyrosine kinase 2		GO:0060337		MGI	NCBITaxon:10090	ISO	UniProtKB:P29597	PANTHER:PTHR45807	protein_coding_gene		MGI:MGI:4834177|GO_REF:0000096	20220706
MGI:MGI:3036234	Hdac4	histone deacetylase 4		GO:0060337		MGI	NCBITaxon:10090	ISO	UniProtKB:P56524	PANTHER:PTHR45364	protein_coding_gene		MGI:MGI:4834177|GO_REF:0000096	20220705
MGI:MGI:1098243	Ifnar2	interferon (alpha and beta) receptor 2		GO:0004905		MGI	NCBITaxon:10090	ISO	UniProtKB:P48551	PANTHER:PTHR20859	protein_coding_gene		MGI:MGI:4834177|GO_REF:0000096	20220706
MGI:MGI:1098243	Ifnar2	interferon (alpha and beta) receptor 2		GO:0060337		MGI	NCBITaxon:10090	ISO	UniProtKB:P48551	PANTHER:PTHR20859	protein_coding_gene		MGI:MGI:4834177|GO_REF:0000096	20220701
MGI:MGI:1098243	Ifnar2	interferon (alpha and beta) receptor 2		GO:0060337		GO_Central	NCBITaxon:10090	IBA	PANTHER:PTN000466383|UniProtKB:P48551	PANTHER:PTHR20859	protein_coding_gene		PMID:21873635	20200930
MGI:MGI:1098243	Ifnar2	interferon (alpha and beta) receptor 2		GO:0004905		GO_Central	NCBITaxon:10090	IBA	PANTHER:PTN000466383|UniProtKB:P48551|MGI:MGI:1098243	PANTHER:PTHR20859	protein_coding_gene		PMID:21873635	20170228
MGI:MGI:1098243	Ifnar2	interferon (alpha and beta) receptor 2		GO:0004905		MGI	NCBITaxon:10090	IDA		PANTHER:PTHR20859	protein_coding_gene		PMID:9295335	20011001
MGI:MGI:1098243	Ifnar2	interferon (alpha and beta) receptor 2		GO:0004905		MGI	NCBITaxon:10090	IDA		PANTHER:PTHR20859	protein_coding_gene		PMID:11154225	20011001
MGI:MGI:1328317	Trex1	three prime repair exonuclease 1		GO:0071357		MGI	NCBITaxon:10090	IMP		PANTHER:PTHR13058	protein_coding_gene		PMID:28835460	20181016
MGI:MGI:1328317	Trex1	three prime repair exonuclease 1		GO:0060337		MGI	NCBITaxon:10090	IMP	MGI:MGI:3052754	PANTHER:PTHR13058	protein_coding_gene		PMID:28351661	20181016
MGI:MGI:97244	Mx2	MX dynamin-like GTPase 2		GO:0034340		UniProt	NCBITaxon:10090	IDA		PANTHER:PTHR11566	pseudogene		MGI:MGI:5442516|PMID:11266216	20120903
MGI:MGI:103063	Stat1	signal transducer and activator of transcription 1		GO:0034340	"{""relationship"": {""relation"": [{""id"": ""BFO:0000066"", ""label"": ""occurs in""}], ""id"": ""EMAPA:16728"", ""label"": ""EMAPA:16728""}}"	UniProt	NCBITaxon:10090	IDA		PANTHER:PTHR11801	protein_coding_gene		MGI:MGI:5645191|PMID:24882218	20150709
MGI:MGI:103063	Stat1	signal transducer and activator of transcription 1		GO:0060337		UniProt	NCBITaxon:10090	IMP		PANTHER:PTHR11801	protein_coding_gene		MGI:MGI:5493216|PMID:12138178	20130612
MGI:MGI:103063	Stat1	signal transducer and activator of transcription 1		GO:0060337		CACAO	NCBITaxon:10090	IMP		PANTHER:PTHR11801	protein_coding_gene		MGI:MGI:5619426|PMID:24598055	20140323
MGI:MGI:103063	Stat1	signal transducer and activator of transcription 1		GO:0060337		MGI	NCBITaxon:10090	ISO	UniProtKB:P42224	PANTHER:PTHR11801	protein_coding_gene		MGI:MGI:4834177|GO_REF:0000096	20170510
MGI:MGI:103063	Stat1	signal transducer and activator of transcription 1		GO:0060337		GO_Central	NCBITaxon:10090	IBA	PANTHER:PTN002623830|UniProtKB:P42224|MGI:MGI:103063	PANTHER:PTHR11801	protein_coding_gene		PMID:21873635	20190221
MGI:MGI:1929612	Ikbke	inhibitor of kappaB kinase epsilon		GO:0034340	"{""relationship"": {""relation"": [{""id"": ""BFO:0000066"", ""label"": ""occurs in""}], ""id"": ""EMAPA:16728"", ""label"": ""EMAPA:16728""}}"	UniProt	NCBITaxon:10090	IDA		PANTHER:PTHR22969	protein_coding_gene		MGI:MGI:5645191|PMID:24882218	20160104
MGI:MGI:1277989	Shmt2	serine hydroxymethyltransferase 2 (mitochondrial)		GO:0034340		MGI	NCBITaxon:10090	ISO	UniProtKB:P34897	PANTHER:PTHR11680	protein_coding_gene		MGI:MGI:4834177|GO_REF:0000096	20151215
MGI:MGI:1277989	Shmt2	serine hydroxymethyltransferase 2 (mitochondrial)		GO:0034340		GO_Central	NCBITaxon:10090	IBA	PANTHER:PTN000188076|UniProtKB:P34897	PANTHER:PTHR11680	protein_coding_gene		PMID:21873635	20180504
RGD:1310312	Isg15	ISG15 ubiquitin-like modifier		GO:0034340		RGD	NCBITaxon:10116	ISO	UniProtKB:P05161	PANTHER:PTHR10666	gene		RGD:1624291	20130605
UniProtKB:P26376	ifitm3	Interferon-induced transmembrane protein 3		GO:0060337		GO_Central	NCBITaxon:10116	IBA	PANTHER:PTN000360680|MGI:MGI:1913391	PANTHER:PTHR13999	protein		PMID:21873635	20170502
RGD:1305576	Setd2	SET domain containing 2, histone lysine methyltransferase		GO:0034340		RGD	NCBITaxon:10116	ISO	UniProtKB:Q9BYW2	PANTHER:PTHR46711	gene		RGD:1624291	20170824
RGD:1308352	Ikbke	inhibitor of nuclear factor kappa B kinase subunit epsilon		GO:0034340	"{""relationship"": {""relation"": [{""id"": ""BFO:0000066"", ""label"": ""occurs in""}], ""id"": ""EMAPA:16728"", ""label"": ""EMAPA:16728""}}"	RGD	NCBITaxon:10116	ISO	MGI:1929612	PANTHER:PTHR22969	gene		RGD:1624291	20160104
RGD:1595844	Ifitm3	interferon induced transmembrane protein 3		GO:0060337		RGD	NCBITaxon:10116	ISO	MGI:1913391		gene		RGD:1624291	20111213
RGD:1305399	Ifnar1	interferon alpha and beta receptor subunit 1		GO:0004905		RGD	NCBITaxon:10116	ISO	MGI:107658	PANTHER:PTHR20859	gene		RGD:1624291	20151214
RGD:1305399	Ifnar1	interferon alpha and beta receptor subunit 1		GO:0004905		RGD	NCBITaxon:10116	ISO	UniProtKB:P17181	PANTHER:PTHR20859	gene		RGD:1624291	20221018
RGD:1305399	Ifnar1	interferon alpha and beta receptor subunit 1		GO:0060337		RGD	NCBITaxon:10116	ISO	MGI:107658	PANTHER:PTHR20859	gene		RGD:1624291	20151211
RGD:1305399	Ifnar1	interferon alpha and beta receptor subunit 1		GO:0060337		RGD	NCBITaxon:10116	ISO	UniProtKB:P17181	PANTHER:PTHR20859	gene		RGD:1624291	20151214
RGD:1305399	Ifnar1	interferon alpha and beta receptor subunit 1		GO:0004905		GO_Central	NCBITaxon:10116	IBA	PANTHER:PTN000466264|UniProtKB:P17181|MGI:MGI:107658	PANTHER:PTHR20859	gene		PMID:21873635	20210728
RGD:1305399	Ifnar1	interferon alpha and beta receptor subunit 1		GO:0060337		GO_Central	NCBITaxon:10116	IBA	PANTHER:PTN000466264|MGI:MGI:107658|UniProtKB:P17181	PANTHER:PTHR20859	gene		PMID:21873635	20210728
RGD:1563841	Irak1	interleukin-1 receptor-associated kinase 1		GO:0060337		RGD	NCBITaxon:10116	ISO	UniProtKB:P51617	PANTHER:PTHR24419	gene		RGD:1624291	20170315
RGD:1308582	Shmt2	serine hydroxymethyltransferase 2		GO:0034340		RGD	NCBITaxon:10116	ISO	UniProtKB:P34897	PANTHER:PTHR11680	gene		RGD:1624291	20151215
RGD:1308582	Shmt2	serine hydroxymethyltransferase 2		GO:0034340		GO_Central	NCBITaxon:10116	IBA	PANTHER:PTN000188076|UniProtKB:P34897	PANTHER:PTHR11680	gene		PMID:21873635	20180504
UniProtKB:F6TWL1	stat2	Signal transducer and activator of transcription		GO:0060337		GO_Central	NCBITaxon:8364	IBA	PANTHER:PTN002623821|MGI:MGI:103039|UniProtKB:P52630	PANTHER:PTHR11801	protein		PMID:21873635	20190221
UniProtKB:F6UJK9	stat1	Signal transducer and activator of transcription		GO:0060337		GO_Central	NCBITaxon:8364	IBA	PANTHER:PTN002623830|UniProtKB:P42224|MGI:MGI:103063	PANTHER:PTHR11801	protein		PMID:21873635	20190221
RGD:1311998	Trex1	three prime repair exonuclease 1		GO:0060337		RGD	NCBITaxon:10116	ISO	MGI:1328317	PANTHER:PTHR13058	gene		RGD:1624291	20181016
RGD:1311998	Trex1	three prime repair exonuclease 1		GO:0071357		RGD	NCBITaxon:10116	ISO	MGI:1328317	PANTHER:PTHR13058	gene		RGD:1624291	20181016
RGD:1307828	Irf7	interferon regulatory factor 7		GO:0060337		RGD	NCBITaxon:10116	ISO	MGI:1859212	PANTHER:PTHR11949	gene		RGD:1624291	20181129
MGI:MGI:107420	Irak1	interleukin-1 receptor-associated kinase 1		GO:0060337		MGI	NCBITaxon:10090	ISO	UniProtKB:P51617	PANTHER:PTHR24419	protein_coding_gene		MGI:MGI:4834177|GO_REF:0000096	20170315
MGI:MGI:1913391	Ifitm3	interferon induced transmembrane protein 3		GO:0060337		GO_Central	NCBITaxon:10090	IBA	PANTHER:PTN000360680|MGI:MGI:1913391	PANTHER:PTHR13999	protein_coding_gene		PMID:21873635	20170502
MGI:MGI:1913391	Ifitm3	interferon induced transmembrane protein 3		GO:0060337		MGI	NCBITaxon:10090	IDA		PANTHER:PTHR13999	protein_coding_gene		PMID:20064371	20111213
MGI:MGI:2442815	Trim65	tripartite motif-containing 65		GO:0060337		MGI	NCBITaxon:10090	IMP	MGI:MGI:6356825	PANTHER:PTHR25465	protein_coding_gene		PMID:28031478	20230113
MGI:MGI:109561	Sp100	nuclear antigen Sp100		GO:0034340		MGI	NCBITaxon:10090	ISO	UniProtKB:P23497	PANTHER:PTHR46386	protein_coding_gene		MGI:MGI:4834177|GO_REF:0000096	20081029
MGI:MGI:109561	Sp100	nuclear antigen Sp100		GO:0034340		MGI	NCBITaxon:10090	ISO	UniProtKB:P23497	PANTHER:PTHR46386	protein_coding_gene		MGI:MGI:4834177|GO_REF:0000096	20081024
MGI:MGI:103039	Stat2	signal transducer and activator of transcription 2		GO:0060337		CACAO	NCBITaxon:10090	IMP		PANTHER:PTHR11801	protein_coding_gene		MGI:MGI:5619426|PMID:24598055	20140323
MGI:MGI:103039	Stat2	signal transducer and activator of transcription 2		GO:0060337		UniProt	NCBITaxon:10090	IMP		PANTHER:PTHR11801	protein_coding_gene		MGI:MGI:6508512|PMID:28165510	20210203
MGI:MGI:103039	Stat2	signal transducer and activator of transcription 2		GO:0060337		MGI	NCBITaxon:10090	ISO	UniProtKB:P52630	PANTHER:PTHR11801	protein_coding_gene		MGI:MGI:4834177|GO_REF:0000096	20160613
MGI:MGI:103039	Stat2	signal transducer and activator of transcription 2		GO:0060337		GO_Central	NCBITaxon:10090	IBA	PANTHER:PTN002623821|MGI:MGI:103039|UniProtKB:P52630	PANTHER:PTHR11801	protein_coding_gene		PMID:21873635	20190221
UniProtKB:P56524	HDAC4	Histone deacetylase 4		GO:0060337		UniProt	NCBITaxon:9606	IDA		PANTHER:PTHR45364	protein		PMID:31127039	20220705
UniProtKB:Q9BYX4	IFIH1	Interferon-induced helicase C domain-containing protein 1		GO:0060337		Ensembl	NCBITaxon:9606	IEA	UniProtKB:Q8R5F7|ensembl:ENSMUSP00000028259	PANTHER:PTHR14074	protein		GO_REF:0000107	20230306
UniProtKB:Q9BYW2	SETD2	Histone-lysine N-methyltransferase SETD2		GO:0034340		UniProt	NCBITaxon:9606	IDA		PANTHER:PTHR46711	protein		PMID:28753426	20170824
UniProtKB:Q13114	TRAF3	TNF receptor-associated factor 3		GO:0060337		ComplexPortal	NCBITaxon:9606	NAS		PANTHER:PTHR10131	protein		PMID:25847972	20200928
UniProtKB:Q9NUL5	SHFL	Shiftless antiviral inhibitor of ribosomal frameshifting protein		GO:0034340		UniProt	NCBITaxon:9606	IDA		PANTHER:PTHR16135	protein		PMID:26735137	20160201
UniProtKB:P29728	OAS2	2'-5'-oligoadenylate synthase 2		GO:0060337		UniProt	NCBITaxon:9606	ISS	UniProtKB:E9Q9A9	PANTHER:PTHR11258	protein		GO_REF:0000024	20180220
UniProtKB:Q6PJ69	TRIM65	E3 ubiquitin-protein ligase TRIM65		GO:0060337		Ensembl	NCBITaxon:9606	IEA	UniProtKB:Q8BFW4|ensembl:ENSMUSP00000063410	PANTHER:PTHR25465	protein		GO_REF:0000107	20230306
UniProtKB:P09914	IFIT1	Interferon-induced protein with tetratricopeptide repeats 1		GO:0071357		BHF-UCL	NCBITaxon:9606	IDA		PANTHER:PTHR10271	protein		PMID:19008854	20101230
UniProtKB:Q01629	IFITM2	Interferon-induced transmembrane protein 2		GO:0060337		GO_Central	NCBITaxon:9606	IBA	PANTHER:PTN000360680|MGI:MGI:1913391	PANTHER:PTHR13999	protein		PMID:21873635	20170502
UniProtKB:Q01628	IFITM3	Interferon-induced transmembrane protein 3		GO:0060337		GO_Central	NCBITaxon:9606	IBA	PANTHER:PTN000360680|MGI:MGI:1913391	PANTHER:PTHR13999	protein		PMID:21873635	20170502
MGI:MGI:98325	Smpd1	sphingomyelin phosphodiesterase 1, acid lysosomal		GO:0034340		MGI	NCBITaxon:10090	ISO	UniProtKB:P17405	PANTHER:PTHR10340	protein_coding_gene		MGI:MGI:4834177|GO_REF:0000096	20201127
MGI:MGI:2180856	Oas1e	2'-5' oligoadenylate synthetase 1E		GO:0060337		MGI	NCBITaxon:10090	ISO	UniProtKB:P00973	PANTHER:PTHR11258	protein_coding_gene		MGI:MGI:4834177|GO_REF:0000096	20210203
MGI:MGI:96628	Jak1	Janus kinase 1		GO:0060337		MGI	NCBITaxon:10090	ISO	UniProtKB:P23458	PANTHER:PTHR45807	protein_coding_gene		MGI:MGI:4834177|GO_REF:0000096	20220705
MGI:MGI:97430	Oas1b	2'-5' oligoadenylate synthetase 1B		GO:0060337		MGI	NCBITaxon:10090	ISO	UniProtKB:P00973	PANTHER:PTHR11258	pseudogene		MGI:MGI:4834177|GO_REF:0000096	20210203
MGI:MGI:97429	Oas1g	2'-5' oligoadenylate synthetase 1G		GO:0060337		MGI	NCBITaxon:10090	ISO	UniProtKB:P00973	PANTHER:PTHR11258	protein_coding_gene		MGI:MGI:4834177|GO_REF:0000096	20210203
MGI:MGI:1933382	Ifitm2	interferon induced transmembrane protein 2		GO:0060337		GO_Central	NCBITaxon:10090	IBA	PANTHER:PTN000360680|MGI:MGI:1913391	PANTHER:PTHR13999	protein_coding_gene		PMID:21873635	20170502
MGI:MGI:1855694	Isg15	ISG15 ubiquitin-like modifier		GO:0034340		MGI	NCBITaxon:10090	ISO	UniProtKB:P05161	PANTHER:PTHR10666	protein_coding_gene		MGI:MGI:4834177|GO_REF:0000096	20130605
MGI:MGI:2140770	Oas1d	2'-5' oligoadenylate synthetase 1D		GO:0060337		MGI	NCBITaxon:10090	ISO	UniProtKB:P00973	PANTHER:PTHR11258	protein_coding_gene		MGI:MGI:4834177|GO_REF:0000096	20210203
MGI:MGI:2149633	Oas1c	2'-5' oligoadenylate synthetase 1C		GO:0060337		MGI	NCBITaxon:10090	ISO	UniProtKB:P00973	PANTHER:PTHR11258	protein_coding_gene		MGI:MGI:4834177|GO_REF:0000096	20210203
MGI:MGI:1333869	Ch25h	cholesterol 25-hydroxylase		GO:0034340		MGI	NCBITaxon:10090	ISO	UniProtKB:O95992	PANTHER:PTHR11863	protein_coding_gene		MGI:MGI:4834177|GO_REF:0000096	20210616
UniProtKB:P0DMS7	ifna3	Interferon a3		GO:0060337		AgBase	NCBITaxon:8022	IMP			protein		PMID:24244163	20150305
UniProtKB:P08393	ICP0	E3 ubiquitin-protein ligase ICP0		GO:0034340		BHF-UCL	NCBITaxon:10299	IDA			protein		PMID:16873258	20081029
UniProtKB:P08392	ICP4	Major viral transcription factor ICP4		GO:0034340		BHF-UCL	NCBITaxon:10299	IDA			protein		PMID:16873258	20081029
UniProtKB:A8KCK1	IFN1	Type I interferon 1		GO:0060337		AgBase	NCBITaxon:8022	IMP			protein		PMID:24244163	20150305
UniProtKB:A8KCK1	IFN1	Type I interferon 1		GO:0060337		AgBase	NCBITaxon:8022	ISS	UniProtKB:Q6XQG7		protein		GO_REF:0000024	20150522
UniProtKB:C7EY83	STAT1a	Signal transducer and activator of transcription		GO:0071357		AgBase	NCBITaxon:8030	IDA			protein		PMID:25379383	20160315
UniProtKB:Q9BRZ2	TRIM56	E3 ubiquitin-protein ligase TRIM56		GO:0034340		UniProt	NCBITaxon:9606	ISS	UniProtKB:Q80VI1	PANTHER:PTHR25462	protein		GO_REF:0000024	20101217
MGI:MGI:2686976	Ifitm6	interferon induced transmembrane protein 6		GO:0060337		GO_Central	NCBITaxon:10090	IBA	PANTHER:PTN000360680|MGI:MGI:1913391	PANTHER:PTHR13999	protein_coding_gene		PMID:21873635	20170502
UniProtKB:P05161	ISG15	Ubiquitin-like protein ISG15		GO:0034340		UniProt	NCBITaxon:9606	IDA		PANTHER:PTHR10666	protein		PMID:22859821	20130605
UniProtKB:P05015	IFNA16	Interferon alpha-16		GO:0060337		ComplexPortal	NCBITaxon:9606	NAS		PANTHER:PTHR11691	protein		PMID:30936491	20200928
UniProtKB:P05014	IFNA4	Interferon alpha-4		GO:0060337		ComplexPortal	NCBITaxon:9606	NAS		PANTHER:PTHR11691	protein		PMID:30936491	20200928
UniProtKB:P05013	IFNA6	Interferon alpha-6		GO:0060337		ComplexPortal	NCBITaxon:9606	NAS		PANTHER:PTHR11691	protein		PMID:30936491	20200928
UniProtKB:P05000	IFNW1	Interferon omega-1		GO:0060337		ComplexPortal	NCBITaxon:9606	NAS		PANTHER:PTHR11691	protein		PMID:30936491	20200928
UniProtKB:Q9P0W0	IFNK	Interferon kappa		GO:0060337		ComplexPortal	NCBITaxon:9606	NAS		PANTHER:PTHR11691	protein		PMID:30936491	20200928
UniProtKB:P40305	IFI27	Interferon alpha-inducible protein 27, mitochondrial		GO:0060337		UniProt	NCBITaxon:9606	IMP		PANTHER:PTHR16932	protein		PMID:27777077	20180828
UniProtKB:P01570	IFNA14	Interferon alpha-14		GO:0060337		ComplexPortal	NCBITaxon:9606	NAS		PANTHER:PTHR11691	protein		PMID:30936491	20200928
UniProtKB:P01567	IFNA7	Interferon alpha-7		GO:0060337		ComplexPortal	NCBITaxon:9606	NAS		PANTHER:PTHR11691	protein		PMID:30936491	20200928
UniProtKB:P01562	IFNA1	Interferon alpha-1/13		GO:0060337		ComplexPortal	NCBITaxon:9606	NAS		PANTHER:PTHR11691	protein		PMID:30936491	20200928
UniProtKB:Q7Z434	MAVS	Mitochondrial antiviral-signaling protein		GO:0060337		ComplexPortal	NCBITaxon:9606	NAS		PANTHER:PTHR21446	protein		PMID:25847972	20200928
UniProtKB:Q99836	MYD88	Myeloid differentiation primary response protein MyD88		GO:0060337		BHF-UCL	NCBITaxon:9606	IMP		PANTHER:PTHR15079	protein		PMID:23633945	20170315
UniProtKB:Q92844	TANK	TRAF family member-associated NF-kappa-B activator		GO:0060337		ComplexPortal	NCBITaxon:9606	NAS		PANTHER:PTHR15249	protein		PMID:21931631	20200928
UniProtKB:P34897	SHMT2	Serine hydroxymethyltransferase, mitochondrial		GO:0034340		UniProt	NCBITaxon:9606	IDA		PANTHER:PTHR11680	protein		PMID:24075985	20151215
UniProtKB:P34897	SHMT2	Serine hydroxymethyltransferase, mitochondrial		GO:0034340		GO_Central	NCBITaxon:9606	IBA	PANTHER:PTN000188076|UniProtKB:P34897	PANTHER:PTHR11680	protein		PMID:21873635	20180504
UniProtKB:A0A8I3RS40	JAK1	Tyrosine-protein kinase		GO:0060337		Ensembl	NCBITaxon:9615	IEA	UniProtKB:P23458|ensembl:ENSP00000343204		protein		GO_REF:0000107	20230306
UniProtKB:B6E116	IFNB1	Interferon beta 1		GO:0060337		Ensembl	NCBITaxon:9615	IEA	UniProtKB:P01574|ensembl:ENSP00000369581	PANTHER:PTHR11691	protein		GO_REF:0000107	20230306
UniProtKB:A0A8I3N480	SHMT2	Serine hydroxymethyltransferase		GO:0034340		Ensembl	NCBITaxon:9615	IEA	UniProtKB:P34897|ensembl:ENSP00000333667		protein		GO_REF:0000107	20230306
UniProtKB:F1MQ36	IKBKE	Protein kinase domain-containing protein		GO:0034340		Ensembl	NCBITaxon:9913	IEA	UniProtKB:Q9R0T8|ensembl:ENSMUSP00000054126	PANTHER:PTHR22969	protein		GO_REF:0000107	20230306
UniProtKB:Q04790	IFNAR1	Interferon alpha/beta receptor 1		GO:0004905		UniProt	NCBITaxon:9913	ISS	UniProtKB:P17181	PANTHER:PTHR20859	protein		GO_REF:0000024	20151215
UniProtKB:Q04790	IFNAR1	Interferon alpha/beta receptor 1		GO:0060337		UniProt	NCBITaxon:9913	ISS	UniProtKB:P17181	PANTHER:PTHR20859	protein		GO_REF:0000024	20151215
UniProtKB:A0A8I3SAD3	IFNAR1	Fibronectin type-III domain-containing protein		GO:0004905		Ensembl	NCBITaxon:9615	IEA	UniProtKB:P17181|ensembl:ENSP00000270139		protein		GO_REF:0000107	20230306
UniProtKB:A0A8I3SAD3	IFNAR1	Fibronectin type-III domain-containing protein		GO:0060337		Ensembl	NCBITaxon:9615	IEA	UniProtKB:P17181|ensembl:ENSP00000270139		protein		GO_REF:0000107	20230306
UniProtKB:A0A8I3MZA0	TREX1	exodeoxyribonuclease III		GO:0060337		Ensembl	NCBITaxon:9615	IEA	UniProtKB:Q91XB0|ensembl:ENSMUSP00000050971		protein		GO_REF:0000107	20230306
UniProtKB:A0A8I3P342	ISG15	Ubiquitin-like domain-containing protein		GO:0034340		Ensembl	NCBITaxon:9615	IEA	UniProtKB:P05161|ensembl:ENSP00000496832		protein		GO_REF:0000107	20230306
UniProtKB:A0A8I3PA31	SP100	SP100 nuclear antigen		GO:0034340		Ensembl	NCBITaxon:9615	IEA	UniProtKB:P23497|ensembl:ENSP00000343023		protein		GO_REF:0000107	20230306
UniProtKB:A0A8I3S6B0	TYK2	Tyrosine-protein kinase		GO:0060337		Ensembl	NCBITaxon:9615	IEA	UniProtKB:P29597|ensembl:ENSP00000431885		protein		GO_REF:0000107	20230306
UniProtKB:E2RT61	IFNAR2	Interferon alpha/beta receptor 2		GO:0004905		Ensembl	NCBITaxon:9615	IEA	UniProtKB:P48551|ensembl:ENSP00000343957		protein		GO_REF:0000107	20230306
UniProtKB:E2RT61	IFNAR2	Interferon alpha/beta receptor 2		GO:0060337		Ensembl	NCBITaxon:9615	IEA	UniProtKB:P48551|ensembl:ENSP00000343957		protein		GO_REF:0000107	20230306
UniProtKB:A0A8I3NCV7	SETD2	[histone H3]-lysine(36) N-trimethyltransferase		GO:0034340		Ensembl	NCBITaxon:9615	IEA	UniProtKB:Q9BYW2|ensembl:ENSP00000386759		protein		GO_REF:0000107	20230306
UniProtKB:A0A8I3P867	SHFL	Shiftless antiviral inhibitor of ribosomal frameshifting		GO:0034340		Ensembl	NCBITaxon:9615	IEA	UniProtKB:Q9NUL5|ensembl:ENSP00000253110		protein		GO_REF:0000107	20230306
UniProtKB:A0A8I3RTW7	SMPD1	Sphingomyelin phosphodiesterase		GO:0034340		Ensembl	NCBITaxon:9615	IEA	UniProtKB:P17405|ensembl:ENSP00000340409		protein		GO_REF:0000107	20230306
UniProtKB:A0A8I3QA55	IFIH1	RNA helicase		GO:0060337		Ensembl	NCBITaxon:9615	IEA	UniProtKB:Q8R5F7|ensembl:ENSMUSP00000028259		protein		GO_REF:0000107	20230306
UniProtKB:A0A8I3N2N6	STAT2	Signal transducer and activator of transcription		GO:0060337		Ensembl	NCBITaxon:9615	IEA	UniProtKB:P52630|ensembl:ENSP00000315768		protein		GO_REF:0000107	20230306
UniProtKB:A0A8I3PV99	IRAK1	Protein kinase domain-containing protein		GO:0060337		Ensembl	NCBITaxon:9615	IEA	UniProtKB:P51617|ensembl:ENSP00000358997		protein		GO_REF:0000107	20230306
UniProtKB:A0A8I3PQU7	OAS2	2'-5' oligoadenylate synthase		GO:0060337		Ensembl	NCBITaxon:9615	IEA	UniProtKB:E9Q9A9|ensembl:ENSMUSP00000080209		protein		GO_REF:0000107	20230306
UniProtKB:A0A8I3Q209	MYD88	Myeloid differentiation primary response protein MyD88		GO:0060337		Ensembl	NCBITaxon:9615	IEA	UniProtKB:Q99836|ensembl:ENSP00000498360		protein		GO_REF:0000107	20230306
UniProtKB:A0A8I3PSA1	STAT1	Signal transducer and activator of transcription		GO:0060337		Ensembl	NCBITaxon:9615	IEA	UniProtKB:P42224|ensembl:ENSP00000354394		protein		GO_REF:0000107	20230306
UniProtKB:A0A8I3Q155	IKBKE	Protein kinase domain-containing protein		GO:0034340		Ensembl	NCBITaxon:9615	IEA	UniProtKB:Q9R0T8|ensembl:ENSMUSP00000054126		protein		GO_REF:0000107	20230306
UniProtKB:A0A8I3PLU0	IRF3	IRF tryptophan pentad repeat domain-containing protein		GO:0060337		Ensembl	NCBITaxon:9615	IEA	UniProtKB:P70671|ensembl:ENSMUSP00000003284		protein		GO_REF:0000107	20230306
UniProtKB:Q86WN2	IFNE	Interferon epsilon		GO:0060337		ComplexPortal	NCBITaxon:9606	NAS		PANTHER:PTHR11691	protein		PMID:30936491	20200928
UniProtKB:Q3SZ20	SHMT2	Serine hydroxymethyltransferase, mitochondrial		GO:0034340		GO_Central	NCBITaxon:9913	IBA	PANTHER:PTN000188076|UniProtKB:P34897	PANTHER:PTHR11680	protein		PMID:21873635	20180504
UniProtKB:F1N3B8	OAS2	2'-5'-oligoadenylate synthase 2		GO:0060337		UniProt	NCBITaxon:9913	ISS	UniProtKB:E9Q9A9	PANTHER:PTHR11258	protein		GO_REF:0000024	20180220
UniProtKB:F1MXT2	IFNAR2	Interferon alpha and beta receptor subunit 2		GO:0004905		Ensembl	NCBITaxon:9913	IEA	UniProtKB:P48551|ensembl:ENSP00000343957	PANTHER:PTHR20859	protein		GO_REF:0000107	20230306
UniProtKB:Q4JF28	IRF3	Interferon regulatory factor 3		GO:0060337		Ensembl	NCBITaxon:9913	IEA	UniProtKB:P70671|ensembl:ENSMUSP00000003284	PANTHER:PTHR11949	protein		GO_REF:0000107	20230306
UniProtKB:Q0VD19	SMPD1	Sphingomyelin phosphodiesterase		GO:0034340		UniProt	NCBITaxon:9913	ISS	UniProtKB:P17405	PANTHER:PTHR10340	protein		GO_REF:0000024	20201127
UniProtKB:A0A452DHW6	MYD88	Myeloid differentiation primary response protein MyD88		GO:0060337		Ensembl	NCBITaxon:9913	IEA	UniProtKB:Q99836|ensembl:ENSP00000498360	PANTHER:PTHR15079	protein		GO_REF:0000107	20230306
UniProtKB:A0A3Q1MJ95	SETD2	[histone H3]-lysine(36) N-trimethyltransferase		GO:0034340		Ensembl	NCBITaxon:9913	IEA	UniProtKB:Q9BYW2|ensembl:ENSP00000386759	PANTHER:PTHR46711	protein		GO_REF:0000107	20230306
UniProtKB:R4GJX3	LOC770612	Uncharacterized protein		GO:0060337		GO_Central	NCBITaxon:9031	IBA	PANTHER:PTN000360680|MGI:MGI:1913391	PANTHER:PTHR13999	protein		PMID:21873635	20170502
UniProtKB:F1NZH7	LOC422993	Interferon-induced transmembrane protein 3		GO:0060337		GO_Central	NCBITaxon:9031	IBA	PANTHER:PTN000360680|MGI:MGI:1913391	PANTHER:PTHR13999	protein		PMID:21873635	20170502
UniProtKB:A0A1D5PRB3	IFNAR1	Uncharacterized protein		GO:0060337		GO_Central	NCBITaxon:9031	IBA	PANTHER:PTN000466264|MGI:MGI:107658|UniProtKB:P17181	PANTHER:PTHR20859	protein		PMID:21873635	20210728
UniProtKB:A0A1D5PRB3	IFNAR1	Uncharacterized protein		GO:0004905		GO_Central	NCBITaxon:9031	IBA	PANTHER:PTN000466264|UniProtKB:P17181|MGI:MGI:107658	PANTHER:PTHR20859	protein		PMID:21873635	20210728
UniProtKB:Q3SZ20	SHMT2	Serine hydroxymethyltransferase, mitochondrial		GO:0034340		UniProt	NCBITaxon:9913	ISS	UniProtKB:P34897	PANTHER:PTHR11680	protein		GO_REF:0000024	20151215
UniProtKB:E1BJZ0	IFIH1	RNA helicase		GO:0060337		Ensembl	NCBITaxon:9913	IEA	UniProtKB:Q8R5F7|ensembl:ENSMUSP00000028259	PANTHER:PTHR14074	protein		GO_REF:0000107	20230306
UniProtKB:F1MM71	IFIT1	Interferon induced protein with tetratricopeptide repeats 1		GO:0071357		Ensembl	NCBITaxon:9913	IEA	UniProtKB:P09914|ensembl:ENSP00000360869	PANTHER:PTHR10271	protein		GO_REF:0000107	20230306
UniProtKB:E1BKW8	TRIM65	Tripartite motif containing 65		GO:0060337		Ensembl	NCBITaxon:9913	IEA	UniProtKB:Q8BFW4|ensembl:ENSMUSP00000063410	PANTHER:PTHR25465	protein		GO_REF:0000107	20230306
UniProtKB:Q2LGB3	IRAK1	Interleukin-1 receptor-associated kinase 1		GO:0060337		Ensembl	NCBITaxon:9913	IEA	UniProtKB:P51617|ensembl:ENSP00000358997	PANTHER:PTHR24419	protein		GO_REF:0000107	20230306
UniProtKB:Q5E9M7	TREX1	exodeoxyribonuclease III		GO:0060337		Ensembl	NCBITaxon:9913	IEA	UniProtKB:Q91XB0|ensembl:ENSMUSP00000050971	PANTHER:PTHR13058	protein		GO_REF:0000107	20230306
UniProtKB:P79135	MX1	Interferon-induced GTP-binding protein Mx1		GO:0034340		UniProt	NCBITaxon:9913	TAS		PANTHER:PTHR11566	protein		PMID:22385204	20120830
UniProtKB:O02741	ISG15	Ubiquitin-like protein ISG15		GO:0034340		UniProt	NCBITaxon:9913	ISS	UniProtKB:P05161	PANTHER:PTHR10666	protein		GO_REF:0000024	20130605
UniProtKB:F1N0D6	JAK1	Tyrosine-protein kinase		GO:0060337		Ensembl	NCBITaxon:9913	IEA	UniProtKB:P23458|ensembl:ENSP00000343204	PANTHER:PTHR45807	protein		GO_REF:0000107	20230306
UniProtKB:F1MCX4	TYK2	Tyrosine-protein kinase		GO:0060337		Ensembl	NCBITaxon:9913	IEA	UniProtKB:P29597|ensembl:ENSP00000431885	PANTHER:PTHR45807	protein		GO_REF:0000107	20230306
UniProtKB:E1BD59	TRIM56	E3 ubiquitin-protein ligase TRIM56		GO:0034340		UniProt	NCBITaxon:9913	ISS	UniProtKB:Q80VI1	PANTHER:PTHR25462	protein		GO_REF:0000024	20101217
UniProtKB:Q5ZJK3	STAT1	Signal transducer and activator of transcription		GO:0060337		GO_Central	NCBITaxon:9031	IBA	PANTHER:PTN002623830|UniProtKB:P42224|MGI:MGI:103063	PANTHER:PTHR11801	protein		PMID:21873635	20190221
UniProtKB:A0A1D5P5I0	IFIH1	RNA helicase		GO:0060337		Ensembl	NCBITaxon:9031	IEA	UniProtKB:Q8R5F7|ensembl:ENSMUSP00000028259	PANTHER:PTHR14074	protein		GO_REF:0000107	20230306
UniProtKB:A0A1D5PIV4	STAT2	Signal transducer and activator of transcription		GO:0060337		GO_Central	NCBITaxon:9031	IBA	PANTHER:PTN002623821|MGI:MGI:103039|UniProtKB:P52630	PANTHER:PTHR11801	protein		PMID:21873635	20190221
UniProtKB:A0A3Q2UDS6	LOC107053353	Uncharacterized protein		GO:0060337		GO_Central	NCBITaxon:9031	IBA	PANTHER:PTN000360680|MGI:MGI:1913391	PANTHER:PTHR13999	protein		PMID:21873635	20170502
UniProtKB:Q95141	IFNAR2	Interferon alpha/beta receptor 2		GO:0004905		UniProt	NCBITaxon:9913	ISS	UniProtKB:P48551	PANTHER:PTHR20859	protein		GO_REF:0000024	20101029
UniProtKB:Q95141	IFNAR2	Interferon alpha/beta receptor 2		GO:0060337		UniProt	NCBITaxon:9913	ISS	UniProtKB:P48551	PANTHER:PTHR20859	protein		GO_REF:0000024	20160613
UniProtKB:A0A3Q1MWF9	IRF7	IRF tryptophan pentad repeat domain-containing protein		GO:0060337		Ensembl	NCBITaxon:9913	IEA	UniProtKB:P70434|ensembl:ENSMUSP00000026571	PANTHER:PTHR11949	protein		GO_REF:0000107	20230306
UniProtKB:P17181	IFNAR1	Interferon alpha/beta receptor 1		GO:0004905	"{""relationship"": {""relation"": [{""id"": ""BFO:0000050"", ""label"": ""part of""}], ""id"": ""GO:0060337"", ""label"": ""type I interferon-mediated signaling pathway""}}|{""relationship"": {""relation"": [{""id"": ""BFO:0000066"", ""label"": ""occurs in""}], ""id"": ""GO:0016020"", ""label"": ""membrane""}}"	UniProt	NCBITaxon:9606	IDA		PANTHER:PTHR20859	protein		PMID:21854986	20220701
UniProtKB:P17181	IFNAR1	Interferon alpha/beta receptor 1		GO:0004905		UniProt	NCBITaxon:9606	IMP		PANTHER:PTHR20859	protein		PMID:31270247	20221018
UniProtKB:P17181	IFNAR1	Interferon alpha/beta receptor 1		GO:0004905		UniProt	NCBITaxon:9606	IMP		PANTHER:PTHR20859	protein		PMID:33252644	20221018
UniProtKB:P17181	IFNAR1	Interferon alpha/beta receptor 1		GO:0004905		UniProt	NCBITaxon:9606	IMP		PANTHER:PTHR20859	protein		PMID:35442418	20221018
UniProtKB:P17181	IFNAR1	Interferon alpha/beta receptor 1		GO:0004905		UniProt	NCBITaxon:9606	IDA		PANTHER:PTHR20859	protein		PMID:7665574	20151214
UniProtKB:P17181	IFNAR1	Interferon alpha/beta receptor 1		GO:0004905	"{""relationship"": {""relation"": [{""id"": ""BFO:0000050"", ""label"": ""part of""}], ""id"": ""GO:0007259"", ""label"": ""receptor signaling pathway via JAK-STAT""}}|{""relationship"": {""relation"": [{""id"": ""BFO:0000050"", ""label"": ""part of""}], ""id"": ""GO:0035458"", ""label"": ""cellular response to interferon-beta""}}|{""relationship"": {""relation"": [{""id"": ""RO:0002213"", ""label"": ""positively regulates""}], ""id"": ""GO:0004715"", ""label"": ""non-membrane spanning protein tyrosine kinase activity""}}|{""relationship"": {""relation"": [{""id"": ""RO:0002233"", ""label"": ""has input""}], ""id"": ""UniProtKB:P29597"", ""label"": ""UniProtKB:P29597""}}"	UniProt	NCBITaxon:9606	IDA		PANTHER:PTHR20859	protein		PMID:7813427	20220706
UniProtKB:P17181	IFNAR1	Interferon alpha/beta receptor 1		GO:0060337		UniProt	NCBITaxon:9606	IDA		PANTHER:PTHR20859	protein		PMID:21854986	20220701
UniProtKB:P17181	IFNAR1	Interferon alpha/beta receptor 1		GO:0060337		ComplexPortal	NCBITaxon:9606	NAS		PANTHER:PTHR20859	protein		PMID:30936491	20220601
UniProtKB:P17181	IFNAR1	Interferon alpha/beta receptor 1		GO:0060337		UniProt	NCBITaxon:9606	IDA		PANTHER:PTHR20859	protein		PMID:7665574	20151214
UniProtKB:P17181	IFNAR1	Interferon alpha/beta receptor 1		GO:0060337		GO_Central	NCBITaxon:9606	IBA	PANTHER:PTN000466264|MGI:MGI:107658|UniProtKB:P17181	PANTHER:PTHR20859	protein		PMID:21873635	20210728
UniProtKB:P17181	IFNAR1	Interferon alpha/beta receptor 1		GO:0004905		GO_Central	NCBITaxon:9606	IBA	PANTHER:PTN000466264|UniProtKB:P17181|MGI:MGI:107658	PANTHER:PTHR20859	protein		PMID:21873635	20210728
UniProtKB:O95992	CH25H	Cholesterol 25-hydroxylase		GO:0034340		UniProt	NCBITaxon:9606	IDA		PANTHER:PTHR11863	protein		PMID:33239446	20210616
UniProtKB:Q9UHD2	TBK1	Serine/threonine-protein kinase TBK1		GO:0060337		ComplexPortal	NCBITaxon:9606	NAS		PANTHER:PTHR22969	protein		PMID:17142768	20200928
UniProtKB:Q9UHD2	TBK1	Serine/threonine-protein kinase TBK1		GO:0060337		ComplexPortal	NCBITaxon:9606	NAS		PANTHER:PTHR22969	protein		PMID:21931631	20200928
UniProtKB:A7MCY6	TBKBP1	TANK-binding kinase 1-binding protein 1		GO:0060337		ComplexPortal	NCBITaxon:9606	NAS		PANTHER:PTHR14432	protein		PMID:21931631	20200928
UniProtKB:P42224	STAT1	Signal transducer and activator of transcription 1-alpha/beta		GO:0060337		UniProt	NCBITaxon:9606	ISS	UniProtKB:P42225	PANTHER:PTHR11801	protein		GO_REF:0000024	20130612
UniProtKB:P42224	STAT1	Signal transducer and activator of transcription 1-alpha/beta		GO:0060337		UniProt	NCBITaxon:9606	IDA		PANTHER:PTHR11801	protein		PMID:23386060	20170510
UniProtKB:P42224	STAT1	Signal transducer and activator of transcription 1-alpha/beta		GO:0060337		GO_Central	NCBITaxon:9606	IBA	PANTHER:PTN002623830|UniProtKB:P42224|MGI:MGI:103063	PANTHER:PTHR11801	protein		PMID:21873635	20190221
UniProtKB:Q14653	IRF3	Interferon regulatory factor 3		GO:0060337		Ensembl	NCBITaxon:9606	IEA	UniProtKB:P70671|ensembl:ENSMUSP00000003284	PANTHER:PTHR11949	protein		GO_REF:0000107	20230306
UniProtKB:P20591	MX1	Interferon-induced GTP-binding protein Mx1		GO:0034340		UniProt	NCBITaxon:9606	TAS		PANTHER:PTHR11566	protein		PMID:21859714	20120830
UniProtKB:Q9NSU2	TREX1	Three-prime repair exonuclease 1		GO:0060337		Ensembl	NCBITaxon:9606	IEA	UniProtKB:Q91XB0|ensembl:ENSMUSP00000050971	PANTHER:PTHR13058	protein		GO_REF:0000107	20230306
UniProtKB:P32881	IFNA8	Interferon alpha-8		GO:0060337		ComplexPortal	NCBITaxon:9606	NAS		PANTHER:PTHR11691	protein		PMID:30936491	20200928
UniProtKB:P17405	SMPD1	Sphingomyelin phosphodiesterase		GO:0034340		UniProt	NCBITaxon:9606	IDA		PANTHER:PTHR10340	protein		PMID:20807762	20201127
UniProtKB:C9JQL5		Putative dispanin subfamily A member 2d		GO:0060337		GO_Central	NCBITaxon:9606	IBA	PANTHER:PTN000360680|MGI:MGI:1913391	PANTHER:PTHR13999	protein		PMID:21873635	20170502
UniProtKB:P29597	TYK2	Non-receptor tyrosine-protein kinase TYK2		GO:0060337		ComplexPortal	NCBITaxon:9606	NAS		PANTHER:PTHR45807	protein		PMID:30936491	20220601
UniProtKB:P29597	TYK2	Non-receptor tyrosine-protein kinase TYK2		GO:0060337		UniProt	NCBITaxon:9606	IDA		PANTHER:PTHR45807	protein		PMID:8232552	20220706
UniProtKB:P29597	TYK2	Non-receptor tyrosine-protein kinase TYK2		GO:0060337		Reactome	NCBITaxon:9606	TAS		PANTHER:PTHR45807	protein		Reactome:R-HSA-909733	20221119
UniProtKB:Q14164	IKBKE	Inhibitor of nuclear factor kappa-B kinase subunit epsilon		GO:0060337		ComplexPortal	NCBITaxon:9606	NAS		PANTHER:PTHR22969	protein		PMID:17142768	20200928
UniProtKB:Q14164	IKBKE	Inhibitor of nuclear factor kappa-B kinase subunit epsilon		GO:0060337		ComplexPortal	NCBITaxon:9606	NAS		PANTHER:PTHR22969	protein		PMID:21931631	20200928
UniProtKB:Q9H6S1	AZI2	5-azacytidine-induced protein 2		GO:0060337		ComplexPortal	NCBITaxon:9606	NAS		PANTHER:PTHR14432	protein		PMID:17142768	20200928
UniProtKB:P13164	IFITM1	Interferon-induced transmembrane protein 1		GO:0060337		GO_Central	NCBITaxon:9606	IBA	PANTHER:PTN000360680|MGI:MGI:1913391	PANTHER:PTHR13999	protein		PMID:21873635	20170502
UniProtKB:Q92985	IRF7	Interferon regulatory factor 7		GO:0060337		Ensembl	NCBITaxon:9606	IEA	UniProtKB:P70434|ensembl:ENSMUSP00000026571	PANTHER:PTHR11949	protein		GO_REF:0000107	20230306
UniProtKB:P51617	IRAK1	Interleukin-1 receptor-associated kinase 1		GO:0060337		BHF-UCL	NCBITaxon:9606	IMP		PANTHER:PTHR24419	protein		PMID:23633945	20170315
UniProtKB:P01563	IFNA2	Interferon alpha-2		GO:0060337		ComplexPortal	NCBITaxon:9606	NAS		PANTHER:PTHR11691	protein		PMID:30936491	20220601
UniProtKB:P01563	IFNA2	Interferon alpha-2		GO:0060337		UniProt	NCBITaxon:9606	IDA		PANTHER:PTHR11691	protein		PMID:8082511	20220701
UniProtKB:P01566	IFNA10	Interferon alpha-10		GO:0060337		ComplexPortal	NCBITaxon:9606	NAS		PANTHER:PTHR11691	protein		PMID:30936491	20200928
UniProtKB:P01568	IFNA21	Interferon alpha-21		GO:0060337		ComplexPortal	NCBITaxon:9606	NAS		PANTHER:PTHR11691	protein		PMID:30936491	20200928
UniProtKB:P01569	IFNA5	Interferon alpha-5		GO:0060337		ComplexPortal	NCBITaxon:9606	NAS		PANTHER:PTHR11691	protein		PMID:30936491	20200928
UniProtKB:P01571	IFNA17	Interferon alpha-17		GO:0060337		ComplexPortal	NCBITaxon:9606	NAS		PANTHER:PTHR11691	protein		PMID:30936491	20200928
UniProtKB:P01574	IFNB1	Interferon beta		GO:0060337		BHF-UCL	NCBITaxon:9606	IDA		PANTHER:PTHR11691	protein		PMID:18035482	20140704
UniProtKB:P01574	IFNB1	Interferon beta		GO:0060337		ComplexPortal	NCBITaxon:9606	NAS		PANTHER:PTHR11691	protein		PMID:30936491	20200928
UniProtKB:P48551	IFNAR2	Interferon alpha/beta receptor 2		GO:0004905		UniProt	NCBITaxon:9606	IDA		PANTHER:PTHR20859	protein		PMID:10556041	20220706
UniProtKB:P48551	IFNAR2	Interferon alpha/beta receptor 2		GO:0004905	"{""relationship"": {""relation"": [{""id"": ""BFO:0000050"", ""label"": ""part of""}], ""id"": ""GO:0060337"", ""label"": ""type I interferon-mediated signaling pathway""}}|{""relationship"": {""relation"": [{""id"": ""BFO:0000066"", ""label"": ""occurs in""}], ""id"": ""GO:0016020"", ""label"": ""membrane""}}"	UniProt	NCBITaxon:9606	IDA		PANTHER:PTHR20859	protein		PMID:21854986	20220701
UniProtKB:P48551	IFNAR2	Interferon alpha/beta receptor 2		GO:0004905		UniProt	NCBITaxon:9606	IDA		PANTHER:PTHR20859	protein		PMID:7665574	20151214
UniProtKB:P48551	IFNAR2	Interferon alpha/beta receptor 2		GO:0004905		UniProt	NCBITaxon:9606	IDA		PANTHER:PTHR20859	protein		PMID:7759950	20101029
UniProtKB:P48551	IFNAR2	Interferon alpha/beta receptor 2		GO:0060337		UniProt	NCBITaxon:9606	IDA		PANTHER:PTHR20859	protein		PMID:21854986	20220701
UniProtKB:P48551	IFNAR2	Interferon alpha/beta receptor 2		GO:0060337		UniProt	NCBITaxon:9606	IMP		PANTHER:PTHR20859	protein		PMID:26424569	20160613
UniProtKB:P48551	IFNAR2	Interferon alpha/beta receptor 2		GO:0060337		ComplexPortal	NCBITaxon:9606	NAS		PANTHER:PTHR20859	protein		PMID:30936491	20220601
UniProtKB:P48551	IFNAR2	Interferon alpha/beta receptor 2		GO:0060337		UniProt	NCBITaxon:9606	IDA		PANTHER:PTHR20859	protein		PMID:7665574	20151214
UniProtKB:P48551	IFNAR2	Interferon alpha/beta receptor 2		GO:0004905		GO_Central	NCBITaxon:9606	IBA	PANTHER:PTN000466383|UniProtKB:P48551|MGI:MGI:1098243	PANTHER:PTHR20859	protein		PMID:21873635	20170228
UniProtKB:P48551	IFNAR2	Interferon alpha/beta receptor 2		GO:0060337		GO_Central	NCBITaxon:9606	IBA	PANTHER:PTN000466383|UniProtKB:P48551	PANTHER:PTHR20859	protein		PMID:21873635	20200930
UniProtKB:Q32L09	SHFL	Shiftless antiviral inhibitor of ribosomal frameshifting protein homolog		GO:0034340		UniProt	NCBITaxon:9913	ISS	UniProtKB:Q9NUL5	PANTHER:PTHR16135	protein		GO_REF:0000024	20160201
UniProtKB:A0A287B896	SETD2	[histone H3]-lysine(36) N-trimethyltransferase		GO:0034340		Ensembl	NCBITaxon:9823	IEA	UniProtKB:Q9BYW2|ensembl:ENSP00000386759	PANTHER:PTHR46711	protein		GO_REF:0000107	20230306
UniProtKB:A0A5K1UFA2	IFIT3	Interferon induced protein with tetratricopeptide repeats 1		GO:0071357		Ensembl	NCBITaxon:9823	IEA	UniProtKB:P09914|ensembl:ENSP00000360869		protein		GO_REF:0000107	20230306
UniProtKB:F1RZU1	IRAK1	Protein kinase domain-containing protein		GO:0060337		Ensembl	NCBITaxon:9823	IEA	UniProtKB:P51617|ensembl:ENSP00000358997	PANTHER:PTHR24419	protein		GO_REF:0000107	20230306
UniProtKB:Q764M8	IFNAR1	Interferon alpha/beta receptor 1		GO:0004905		UniProt	NCBITaxon:9823	ISS	UniProtKB:P17181	PANTHER:PTHR20859	protein		GO_REF:0000024	20151215
UniProtKB:Q764M8	IFNAR1	Interferon alpha/beta receptor 1		GO:0060337		UniProt	NCBITaxon:9823	ISS	UniProtKB:P17181	PANTHER:PTHR20859	protein		GO_REF:0000024	20151215
UniProtKB:Q764M5	STAT1	Signal transducer and activator of transcription 1		GO:0060337		UniProt	NCBITaxon:9823	ISS	UniProtKB:P42225	PANTHER:PTHR11801	protein		GO_REF:0000024	20130612
UniProtKB:M9MMN5	IKBKE	Protein kinase domain-containing protein		GO:0034340		Ensembl	NCBITaxon:9823	IEA	UniProtKB:Q9R0T8|ensembl:ENSMUSP00000054126	PANTHER:PTHR22969	protein		GO_REF:0000107	20230306
UniProtKB:Q4G1G8	CH25H	Cholesterol 25-hydroxylase		GO:0034340		UniProt	NCBITaxon:9823	ISS	UniProtKB:O95992	PANTHER:PTHR11863	protein		GO_REF:0000024	20210616
UniProtKB:A0A287B2B5	SHFL	Shiftless antiviral inhibitor of ribosomal frameshifting		GO:0034340		Ensembl	NCBITaxon:9823	IEA	UniProtKB:Q9NUL5|ensembl:ENSP00000253110	PANTHER:PTHR16135	protein		GO_REF:0000107	20230306
UniProtKB:F1RW04	TRIM65	Tripartite motif containing 65		GO:0060337		Ensembl	NCBITaxon:9823	IEA	UniProtKB:Q8BFW4|ensembl:ENSMUSP00000063410	PANTHER:PTHR25465	protein		GO_REF:0000107	20230306
UniProtKB:A0A287AKR1	IFIH1	RNA helicase		GO:0060337		Ensembl	NCBITaxon:9823	IEA	UniProtKB:Q8R5F7|ensembl:ENSMUSP00000028259	PANTHER:PTHR14074	protein		GO_REF:0000107	20230306
UniProtKB:O02799	STAT2	Signal transducer and activator of transcription 2		GO:0060337		UniProt	NCBITaxon:9823	ISS	UniProtKB:P52630	PANTHER:PTHR11801	protein		GO_REF:0000024	20160613
UniProtKB:F1S3L9	TYK2	Tyrosine-protein kinase		GO:0060337		Ensembl	NCBITaxon:9823	IEA	UniProtKB:P29597|ensembl:ENSP00000431885		protein		GO_REF:0000107	20230306
UniProtKB:A0ZVR0	IRF7	IRF tryptophan pentad repeat domain-containing protein		GO:0060337		Ensembl	NCBITaxon:9823	IEA	UniProtKB:P70434|ensembl:ENSMUSP00000026571		protein		GO_REF:0000107	20230306
UniProtKB:A0A287BRJ1	CH25H	Fatty acid hydroxylase domain-containing protein		GO:0034340		Ensembl	NCBITaxon:9823	IEA	UniProtKB:O95992|ensembl:ENSP00000360918	PANTHER:PTHR11863	protein		GO_REF:0000107	20230306
UniProtKB:A0A287AB58	ISG15	Ubiquitin-like domain-containing protein		GO:0034340		Ensembl	NCBITaxon:9823	IEA	UniProtKB:P05161|ensembl:ENSP00000496832	PANTHER:PTHR10666	protein		GO_REF:0000107	20230306
UniProtKB:Q29412	IFNB1	Interferon beta		GO:0060337		Ensembl	NCBITaxon:9823	IEA	UniProtKB:P01574|ensembl:ENSP00000369581	PANTHER:PTHR11691	protein		GO_REF:0000107	20230306
UniProtKB:A0A286ZLI2	JAK1	Tyrosine-protein kinase		GO:0060337		Ensembl	NCBITaxon:9823	IEA	UniProtKB:P23458|ensembl:ENSP00000343204	PANTHER:PTHR45807	protein		GO_REF:0000107	20230306
UniProtKB:P79401	CYP3A29	Cytochrome P450 3A29		GO:0071357		AgBase	NCBITaxon:9823	IMP		PANTHER:PTHR24302	protein		PMID:24525126	20150305
UniProtKB:A0A480S426	IFNAR1	Interferon alpha/beta receptor 1		GO:0004905		UniProt	NCBITaxon:9823	IEA	UniRule:UR001557760		protein		GO_REF:0000104	20230306
UniProtKB:A0A480S426	IFNAR1	Interferon alpha/beta receptor 1		GO:0060337		UniProt	NCBITaxon:9823	IEA	UniRule:UR001557760		protein		GO_REF:0000104	20230306
UniProtKB:P52630	STAT2	Signal transducer and activator of transcription 2		GO:0060337		UniProt	NCBITaxon:9606	IMP		PANTHER:PTHR11801	protein		PMID:23391734	20160613
UniProtKB:P52630	STAT2	Signal transducer and activator of transcription 2		GO:0060337		UniProt	NCBITaxon:9606	IMP		PANTHER:PTHR11801	protein		PMID:31836668	20201221
UniProtKB:P52630	STAT2	Signal transducer and activator of transcription 2		GO:0060337		UniProt	NCBITaxon:9606	IMP		PANTHER:PTHR11801	protein		PMID:32092142	20201222
UniProtKB:P52630	STAT2	Signal transducer and activator of transcription 2		GO:0060337		GO_Central	NCBITaxon:9606	IBA	PANTHER:PTN002623821|MGI:MGI:103039|UniProtKB:P52630	PANTHER:PTHR11801	protein		PMID:21873635	20190221
UniProtKB:P23497	SP100	Nuclear autoantigen Sp-100		GO:0034340		BHF-UCL	NCBITaxon:9606	IDA		PANTHER:PTHR46386	protein		PMID:15247905	20081024
UniProtKB:P23497	SP100	Nuclear autoantigen Sp-100		GO:0034340		BHF-UCL	NCBITaxon:9606	IMP		PANTHER:PTHR46386	protein		PMID:8810287	20081021
UniProtKB:P23497	SP100	Nuclear autoantigen Sp-100		GO:0034340		BHF-UCL	NCBITaxon:9606	IDA		PANTHER:PTHR46386	protein		PMID:9230084	20081021
UniProtKB:P23497	SP100	Nuclear autoantigen Sp-100		GO:0060337		BHF-UCL	NCBITaxon:9606	IC	GO:0034340	PANTHER:PTHR46386	protein		PMID:8810287	20081021
UniProtKB:P23458	JAK1	Tyrosine-protein kinase JAK1		GO:0060337		ComplexPortal	NCBITaxon:9606	NAS		PANTHER:PTHR45807	protein		PMID:30936491	20220601
UniProtKB:P23458	JAK1	Tyrosine-protein kinase JAK1		GO:0060337		UniProt	NCBITaxon:9606	IDA		PANTHER:PTHR45807	protein		PMID:7532278	20220705
UniProtKB:P23458	JAK1	Tyrosine-protein kinase JAK1		GO:0060337		UniProt	NCBITaxon:9606	IDA		PANTHER:PTHR45807	protein		PMID:8232552	20220706
UniProtKB:P23458	JAK1	Tyrosine-protein kinase JAK1		GO:0060337		Reactome	NCBITaxon:9606	TAS		PANTHER:PTHR45807	protein		Reactome:R-HSA-909733	20221119
UniProtKB:A0A140TAK4	MYD88	Myeloid differentiation primary response protein MyD88		GO:0060337		Ensembl	NCBITaxon:9823	IEA	UniProtKB:Q99836|ensembl:ENSP00000498360	PANTHER:PTHR15079	protein		GO_REF:0000107	20230306
UniProtKB:I3L5D1	TREX1	exodeoxyribonuclease III		GO:0060337		Ensembl	NCBITaxon:9823	IEA	UniProtKB:Q91XB0|ensembl:ENSMUSP00000050971	PANTHER:PTHR13058	protein		GO_REF:0000107	20230306
UniProtKB:P27594	MX1	Interferon-induced GTP-binding protein Mx1		GO:0071357		AgBase	NCBITaxon:9823	IMP		PANTHER:PTHR11566	protein		PMID:24500530	20150319
UniProtKB:A0A6I8PFU8	LOC114810024	Uncharacterized protein		GO:0060337		GO_Central	NCBITaxon:9258	IBA	PANTHER:PTN000360680|MGI:MGI:1913391	PANTHER:PTHR13999	protein		PMID:21873635	20170502
UniProtKB:H9GLG2	IFNAR1	Uncharacterized protein		GO:0004905		GO_Central	NCBITaxon:28377	IBA	PANTHER:PTN000466264|UniProtKB:P17181|MGI:MGI:107658	PANTHER:PTHR20859	protein		PMID:21873635	20210728
UniProtKB:H9GLG2	IFNAR1	Uncharacterized protein		GO:0060337		GO_Central	NCBITaxon:28377	IBA	PANTHER:PTN000466264|MGI:MGI:107658|UniProtKB:P17181	PANTHER:PTHR20859	protein		PMID:21873635	20210728
UniProtKB:F7AI21	F7AI21	Uncharacterized protein		GO:0060337		GO_Central	NCBITaxon:9258	IBA	PANTHER:PTN000466264|MGI:MGI:107658|UniProtKB:P17181	PANTHER:PTHR20859	protein		PMID:21873635	20210728
UniProtKB:F7AI21	F7AI21	Uncharacterized protein		GO:0004905		GO_Central	NCBITaxon:9258	IBA	PANTHER:PTN000466264|UniProtKB:P17181|MGI:MGI:107658	PANTHER:PTHR20859	protein		PMID:21873635	20210728
UniProtKB:A0A6I8P535	STAT4	Signal transducer and activator of transcription		GO:0060337		GO_Central	NCBITaxon:9258	IBA	PANTHER:PTN002623830|UniProtKB:P42224|MGI:MGI:103063	PANTHER:PTHR11801	protein		PMID:21873635	20190221
UniProtKB:A0A286ZN85	STAT1	Signal transducer and activator of transcription		GO:0060337		GO_Central	NCBITaxon:9823	IBA	PANTHER:PTN002623830|UniProtKB:P42224|MGI:MGI:103063	PANTHER:PTHR11801	protein		PMID:21873635	20190221
UniProtKB:A0A286ZIT4	IFNAR2	Uncharacterized protein		GO:0060337		GO_Central	NCBITaxon:9823	IBA	PANTHER:PTN000466383|UniProtKB:P48551	PANTHER:PTHR20859	protein		PMID:21873635	20200930
UniProtKB:A0A286ZIT4	IFNAR2	Uncharacterized protein		GO:0004905		GO_Central	NCBITaxon:9823	IBA	PANTHER:PTN000466383|UniProtKB:P48551|MGI:MGI:1098243	PANTHER:PTHR20859	protein		PMID:21873635	20170228
UniProtKB:A0A1D5R9X3	STAT1	Signal transducer and activator of transcription		GO:0060337		GO_Central	NCBITaxon:9544	IBA	PANTHER:PTN002623830|UniProtKB:P42224|MGI:MGI:103063	PANTHER:PTHR11801	protein		PMID:21873635	20190221
UniProtKB:A0A6I8P0E1	A0A6I8P0E1	Uncharacterized protein		GO:0060337		GO_Central	NCBITaxon:9258	IBA	PANTHER:PTN000360680|MGI:MGI:1913391	PANTHER:PTHR13999	protein		PMID:21873635	20170502
UniProtKB:A0A287A9E2	LOC102161418	Uncharacterized protein		GO:0060337		GO_Central	NCBITaxon:9823	IBA	PANTHER:PTN000360680|MGI:MGI:1913391	PANTHER:PTHR13999	protein		PMID:21873635	20170502
UniProtKB:M3XFG7	IFNAR1	Interferon alpha/beta receptor 1		GO:0060337		GO_Central	NCBITaxon:9685	IBA	PANTHER:PTN000466264|MGI:MGI:107658|UniProtKB:P17181	PANTHER:PTHR20859	protein		PMID:21873635	20210728
UniProtKB:M3XFG7	IFNAR1	Interferon alpha/beta receptor 1		GO:0004905		GO_Central	NCBITaxon:9685	IBA	PANTHER:PTN000466264|UniProtKB:P17181|MGI:MGI:107658	PANTHER:PTHR20859	protein		PMID:21873635	20210728
UniProtKB:A0A2I2YH23	IFNAR1	Interferon alpha/beta receptor 1		GO:0060337		GO_Central	NCBITaxon:9595	IBA	PANTHER:PTN000466264|MGI:MGI:107658|UniProtKB:P17181	PANTHER:PTHR20859	protein		PMID:21873635	20210728
UniProtKB:A0A2I2YH23	IFNAR1	Interferon alpha/beta receptor 1		GO:0004905		GO_Central	NCBITaxon:9595	IBA	PANTHER:PTN000466264|UniProtKB:P17181|MGI:MGI:107658	PANTHER:PTHR20859	protein		PMID:21873635	20210728
UniProtKB:G3QGC7	G3QGC7	Uncharacterized protein		GO:0060337		GO_Central	NCBITaxon:9595	IBA	PANTHER:PTN000360680|MGI:MGI:1913391	PANTHER:PTHR13999	protein		PMID:21873635	20170502
UniProtKB:A0A2I2YWN8	A0A2I2YWN8	Uncharacterized protein		GO:0060337		GO_Central	NCBITaxon:9595	IBA	PANTHER:PTN000360680|MGI:MGI:1913391	PANTHER:PTHR13999	protein		PMID:21873635	20170502
UniProtKB:A0A2J8JW18	IFITM2	Interferon induced transmembrane protein 2		GO:0060337		GO_Central	NCBITaxon:9598	IBA	PANTHER:PTN000360680|MGI:MGI:1913391	PANTHER:PTHR13999	protein		PMID:21873635	20170502
UniProtKB:A0A2J8JW13	IFITM3	Interferon induced transmembrane protein 3		GO:0060337		GO_Central	NCBITaxon:9598	IBA	PANTHER:PTN000360680|MGI:MGI:1913391	PANTHER:PTHR13999	protein		PMID:21873635	20170502
UniProtKB:A0A2I2YEI7	A0A2I2YEI7	Uncharacterized protein		GO:0060337		GO_Central	NCBITaxon:9595	IBA	PANTHER:PTN000360680|MGI:MGI:1913391	PANTHER:PTHR13999	protein		PMID:21873635	20170502
UniProtKB:A0A5F5XZJ2	A0A5F5XZJ2	Uncharacterized protein		GO:0060337		GO_Central	NCBITaxon:9685	IBA	PANTHER:PTN000360680|MGI:MGI:1913391	PANTHER:PTHR13999	protein		PMID:21873635	20170502
UniProtKB:A0A2I2UR14	LOC101100838	Interferon-induced transmembrane protein 3		GO:0060337		GO_Central	NCBITaxon:9685	IBA	PANTHER:PTN000360680|MGI:MGI:1913391	PANTHER:PTHR13999	protein		PMID:21873635	20170502
UniProtKB:A0A2I2UQ90	LOC101086599	Interferon-induced transmembrane protein 1-like		GO:0060337		GO_Central	NCBITaxon:9685	IBA	PANTHER:PTN000360680|MGI:MGI:1913391	PANTHER:PTHR13999	protein		PMID:21873635	20170502
UniProtKB:E1B8Z4	STAT2	Signal transducer and activator of transcription		GO:0060337		GO_Central	NCBITaxon:9913	IBA	PANTHER:PTN002623821|MGI:MGI:103039|UniProtKB:P52630	PANTHER:PTHR11801	protein		PMID:21873635	20190221
UniProtKB:A0A5F5Y0I6	SHMT2	Serine hydroxymethyltransferase		GO:0034340		GO_Central	NCBITaxon:9685	IBA	PANTHER:PTN000188076|UniProtKB:P34897	PANTHER:PTHR11680	protein		PMID:21873635	20180504
UniProtKB:M3WG72	STAT2	Signal transducer and activator of transcription		GO:0060337		GO_Central	NCBITaxon:9685	IBA	PANTHER:PTN002623821|MGI:MGI:103039|UniProtKB:P52630	PANTHER:PTHR11801	protein		PMID:21873635	20190221
UniProtKB:F6ZD87	F6ZD87	Uncharacterized protein		GO:0060337		GO_Central	NCBITaxon:9544	IBA	PANTHER:PTN000360680|MGI:MGI:1913391	PANTHER:PTHR13999	protein		PMID:21873635	20170502
UniProtKB:F6ZD94	F6ZD94	Uncharacterized protein		GO:0060337		GO_Central	NCBITaxon:9544	IBA	PANTHER:PTN000360680|MGI:MGI:1913391	PANTHER:PTHR13999	protein		PMID:21873635	20170502
UniProtKB:A0A2I2ZUG8	A0A2I2ZUG8	Uncharacterized protein		GO:0004905		GO_Central	NCBITaxon:9595	IBA	PANTHER:PTN000466383|UniProtKB:P48551|MGI:MGI:1098243	PANTHER:PTHR20859	protein		PMID:21873635	20170228
UniProtKB:A0A2I2ZUG8	A0A2I2ZUG8	Uncharacterized protein		GO:0060337		GO_Central	NCBITaxon:9595	IBA	PANTHER:PTN000466383|UniProtKB:P48551	PANTHER:PTHR20859	protein		PMID:21873635	20200930
UniProtKB:F6R1P6	STAT2	Signal transducer and activator of transcription		GO:0060337		GO_Central	NCBITaxon:9544	IBA	PANTHER:PTN002623821|MGI:MGI:103039|UniProtKB:P52630	PANTHER:PTHR11801	protein		PMID:21873635	20190221
UniProtKB:E1B7S4	E1B7S4	Uncharacterized protein		GO:0060337		GO_Central	NCBITaxon:9913	IBA	PANTHER:PTN000360680|MGI:MGI:1913391	PANTHER:PTHR13999	protein		PMID:21873635	20170502
UniProtKB:Q04790	IFNAR1	Interferon alpha/beta receptor 1		GO:0060337		GO_Central	NCBITaxon:9913	IBA	PANTHER:PTN000466264|MGI:MGI:107658|UniProtKB:P17181	PANTHER:PTHR20859	protein		PMID:21873635	20210728
UniProtKB:Q04790	IFNAR1	Interferon alpha/beta receptor 1		GO:0004905		GO_Central	NCBITaxon:9913	IBA	PANTHER:PTN000466264|UniProtKB:P17181|MGI:MGI:107658	PANTHER:PTHR20859	protein		PMID:21873635	20210728
UniProtKB:A0A2I2U6N1	LOC101086846	Interferon-induced transmembrane protein 1		GO:0060337		GO_Central	NCBITaxon:9685	IBA	PANTHER:PTN000360680|MGI:MGI:1913391	PANTHER:PTHR13999	protein		PMID:21873635	20170502
UniProtKB:M3WRX8	IFNAR2	Interferon alpha and beta receptor subunit 2		GO:0060337		GO_Central	NCBITaxon:9685	IBA	PANTHER:PTN000466383|UniProtKB:P48551	PANTHER:PTHR20859	protein		PMID:21873635	20200930
UniProtKB:M3WRX8	IFNAR2	Interferon alpha and beta receptor subunit 2		GO:0004905		GO_Central	NCBITaxon:9685	IBA	PANTHER:PTN000466383|UniProtKB:P48551|MGI:MGI:1098243	PANTHER:PTHR20859	protein		PMID:21873635	20170228
UniProtKB:G3QTI0	STAT2	Signal transducer and activator of transcription		GO:0060337		GO_Central	NCBITaxon:9595	IBA	PANTHER:PTN002623821|MGI:MGI:103039|UniProtKB:P52630	PANTHER:PTHR11801	protein		PMID:21873635	20190221
UniProtKB:Q764M8	IFNAR1	Interferon alpha/beta receptor 1		GO:0004905		GO_Central	NCBITaxon:9823	IBA	PANTHER:PTN000466264|UniProtKB:P17181|MGI:MGI:107658	PANTHER:PTHR20859	protein		PMID:21873635	20210728
UniProtKB:Q764M8	IFNAR1	Interferon alpha/beta receptor 1		GO:0060337		GO_Central	NCBITaxon:9823	IBA	PANTHER:PTN000466264|MGI:MGI:107658|UniProtKB:P17181	PANTHER:PTHR20859	protein		PMID:21873635	20210728
UniProtKB:Q764M5	STAT1	Signal transducer and activator of transcription 1		GO:0060337		GO_Central	NCBITaxon:9823	IBA	PANTHER:PTN002623830|UniProtKB:P42224|MGI:MGI:103063	PANTHER:PTHR11801	protein		PMID:21873635	20190221
UniProtKB:A0A6I8PA59	A0A6I8PA59	Uncharacterized protein		GO:0060337		GO_Central	NCBITaxon:9258	IBA	PANTHER:PTN000360680|MGI:MGI:1913391	PANTHER:PTHR13999	protein		PMID:21873635	20170502
UniProtKB:F1PY18	LOC475935	Uncharacterized protein		GO:0060337		GO_Central	NCBITaxon:9615	IBA	PANTHER:PTN000360680|MGI:MGI:1913391	PANTHER:PTHR13999	protein		PMID:21873635	20170502
UniProtKB:F1PY17	LOC483397	Uncharacterized protein		GO:0060337		GO_Central	NCBITaxon:9615	IBA	PANTHER:PTN000360680|MGI:MGI:1913391	PANTHER:PTHR13999	protein		PMID:21873635	20170502
UniProtKB:F6XAW1	STAT2	Signal transducer and activator of transcription		GO:0060337		GO_Central	NCBITaxon:9615	IBA	PANTHER:PTN002623821|MGI:MGI:103039|UniProtKB:P52630	PANTHER:PTHR11801	protein		PMID:21873635	20190221
UniProtKB:A0A5F5PHB9	IFNAR2	Interferon alpha and beta receptor subunit 2		GO:0004905		GO_Central	NCBITaxon:9796	IBA	PANTHER:PTN000466383|UniProtKB:P48551|MGI:MGI:1098243	PANTHER:PTHR20859	protein		PMID:21873635	20170228
UniProtKB:A0A5F5PHB9	IFNAR2	Interferon alpha and beta receptor subunit 2		GO:0060337		GO_Central	NCBITaxon:9796	IBA	PANTHER:PTN000466383|UniProtKB:P48551	PANTHER:PTHR20859	protein		PMID:21873635	20200930
UniProtKB:G3QLG9	IFITM1	Interferon induced transmembrane protein 1		GO:0060337		GO_Central	NCBITaxon:9595	IBA	PANTHER:PTN000360680|MGI:MGI:1913391	PANTHER:PTHR13999	protein		PMID:21873635	20170502
UniProtKB:G3QLG8	G3QLG8	Uncharacterized protein		GO:0060337		GO_Central	NCBITaxon:9595	IBA	PANTHER:PTN000360680|MGI:MGI:1913391	PANTHER:PTHR13999	protein		PMID:21873635	20170502
UniProtKB:G3RSJ4	G3RSJ4	Uncharacterized protein		GO:0060337		GO_Central	NCBITaxon:9595	IBA	PANTHER:PTN000360680|MGI:MGI:1913391	PANTHER:PTHR13999	protein		PMID:21873635	20170502
UniProtKB:G3RRI8	IFITM2	Interferon induced transmembrane protein 2		GO:0060337		GO_Central	NCBITaxon:9595	IBA	PANTHER:PTN000360680|MGI:MGI:1913391	PANTHER:PTHR13999	protein		PMID:21873635	20170502
UniProtKB:Q3ZBV6	LOC777594	Uncharacterized protein LOC777594		GO:0060337		GO_Central	NCBITaxon:9913	IBA	PANTHER:PTN000360680|MGI:MGI:1913391	PANTHER:PTHR13999	protein		PMID:21873635	20170502
UniProtKB:F6Q540	IFNAR1	Interferon alpha/beta receptor 1		GO:0060337		GO_Central	NCBITaxon:9796	IBA	PANTHER:PTN000466264|MGI:MGI:107658|UniProtKB:P17181	PANTHER:PTHR20859	protein		PMID:21873635	20210728
UniProtKB:F6Q540	IFNAR1	Interferon alpha/beta receptor 1		GO:0004905		GO_Central	NCBITaxon:9796	IBA	PANTHER:PTN000466264|UniProtKB:P17181|MGI:MGI:107658	PANTHER:PTHR20859	protein		PMID:21873635	20210728
UniProtKB:A0A5F8GA77	LOC103104756	Uncharacterized protein		GO:0060337		GO_Central	NCBITaxon:13616	IBA	PANTHER:PTN000360680|MGI:MGI:1913391	PANTHER:PTHR13999	protein		PMID:21873635	20170502
UniProtKB:A0A2I3TIW5	A0A2I3TIW5	Uncharacterized protein		GO:0060337		GO_Central	NCBITaxon:9598	IBA	PANTHER:PTN000360680|MGI:MGI:1913391	PANTHER:PTHR13999	protein		PMID:21873635	20170502
UniProtKB:F6U1D9	STAT2	Signal transducer and activator of transcription		GO:0060337		GO_Central	NCBITaxon:9796	IBA	PANTHER:PTN002623821|MGI:MGI:103039|UniProtKB:P52630	PANTHER:PTHR11801	protein		PMID:21873635	20190221
UniProtKB:F6V335	F6V335	Signal transducer and activator of transcription		GO:0060337		GO_Central	NCBITaxon:9258	IBA	PANTHER:PTN002623821|MGI:MGI:103039|UniProtKB:P52630	PANTHER:PTHR11801	protein		PMID:21873635	20190221
UniProtKB:F6V1Y4	IFNAR1	Uncharacterized protein		GO:0004905		GO_Central	NCBITaxon:13616	IBA	PANTHER:PTN000466264|UniProtKB:P17181|MGI:MGI:107658	PANTHER:PTHR20859	protein		PMID:21873635	20210728
UniProtKB:F6V1Y4	IFNAR1	Uncharacterized protein		GO:0060337		GO_Central	NCBITaxon:13616	IBA	PANTHER:PTN000466264|MGI:MGI:107658|UniProtKB:P17181	PANTHER:PTHR20859	protein		PMID:21873635	20210728
UniProtKB:A0A2I3SGV5	A0A2I3SGV5	Uncharacterized protein		GO:0060337		GO_Central	NCBITaxon:9598	IBA	PANTHER:PTN000360680|MGI:MGI:1913391	PANTHER:PTHR13999	protein		PMID:21873635	20170502
UniProtKB:A0A2I3TNY5	STAT1	Signal transducer and activator of transcription		GO:0060337		GO_Central	NCBITaxon:9598	IBA	PANTHER:PTN002623830|UniProtKB:P42224|MGI:MGI:103063	PANTHER:PTHR11801	protein		PMID:21873635	20190221
UniProtKB:F6UGQ4	LOC100050719	Interferon-induced transmembrane protein 3		GO:0060337		GO_Central	NCBITaxon:9796	IBA	PANTHER:PTN000360680|MGI:MGI:1913391	PANTHER:PTHR13999	protein		PMID:21873635	20170502
UniProtKB:A0A2I3TRE4	STAT2	Signal transducer and activator of transcription		GO:0060337		GO_Central	NCBITaxon:9598	IBA	PANTHER:PTN002623821|MGI:MGI:103039|UniProtKB:P52630	PANTHER:PTHR11801	protein		PMID:21873635	20190221
UniProtKB:G3SFV1	STAT1	Signal transducer and activator of transcription		GO:0060337		GO_Central	NCBITaxon:9595	IBA	PANTHER:PTN002623830|UniProtKB:P42224|MGI:MGI:103063	PANTHER:PTHR11801	protein		PMID:21873635	20190221
UniProtKB:A0A5F8APC2	IFNAR2	Interferon alpha and beta receptor subunit 2		GO:0060337		GO_Central	NCBITaxon:9544	IBA	PANTHER:PTN000466383|UniProtKB:P48551	PANTHER:PTHR20859	protein		PMID:21873635	20200930
UniProtKB:A0A5F8APC2	IFNAR2	Interferon alpha and beta receptor subunit 2		GO:0004905		GO_Central	NCBITaxon:9544	IBA	PANTHER:PTN000466383|UniProtKB:P48551|MGI:MGI:1098243	PANTHER:PTHR20859	protein		PMID:21873635	20170228
UniProtKB:A0A3Q2L9Y3	A0A3Q2L9Y3	Uncharacterized protein		GO:0060337		GO_Central	NCBITaxon:9796	IBA	PANTHER:PTN000360680|MGI:MGI:1913391	PANTHER:PTHR13999	protein		PMID:21873635	20170502
UniProtKB:A0A5F4C8N5	LOC487737	Uncharacterized protein		GO:0004905		GO_Central	NCBITaxon:9615	IBA	PANTHER:PTN000466383|UniProtKB:P48551|MGI:MGI:1098243	PANTHER:PTHR20859	protein		PMID:21873635	20170228
UniProtKB:A0A5F4C8N5	LOC487737	Uncharacterized protein		GO:0060337		GO_Central	NCBITaxon:9615	IBA	PANTHER:PTN000466383|UniProtKB:P48551	PANTHER:PTHR20859	protein		PMID:21873635	20200930
UniProtKB:A0A5F4C2J9	STAT1	Signal transducer and activator of transcription		GO:0060337		GO_Central	NCBITaxon:9615	IBA	PANTHER:PTN002623830|UniProtKB:P42224|MGI:MGI:103063	PANTHER:PTHR11801	protein		PMID:21873635	20190221
UniProtKB:F1MXT2	IFNAR2	Interferon alpha/beta receptor 2		GO:0004905		GO_Central	NCBITaxon:9913	IBA	PANTHER:PTN000466383|UniProtKB:P48551|MGI:MGI:1098243	PANTHER:PTHR20859	protein		PMID:21873635	20170228
UniProtKB:F1MXT2	IFNAR2	Interferon alpha/beta receptor 2		GO:0060337		GO_Central	NCBITaxon:9913	IBA	PANTHER:PTN000466383|UniProtKB:P48551	PANTHER:PTHR20859	protein		PMID:21873635	20200930
UniProtKB:G1KWI7	LOC100551848	Uncharacterized protein		GO:0060337		GO_Central	NCBITaxon:28377	IBA	PANTHER:PTN000360680|MGI:MGI:1913391	PANTHER:PTHR13999	protein		PMID:21873635	20170502
UniProtKB:A0A5F7ZKI2	LOC720763	Uncharacterized protein		GO:0060337		GO_Central	NCBITaxon:9544	IBA	PANTHER:PTN000360680|MGI:MGI:1913391	PANTHER:PTHR13999	protein		PMID:21873635	20170502
UniProtKB:A0A5F7ZFV2	LOC697687	Uncharacterized protein		GO:0060337		GO_Central	NCBITaxon:9544	IBA	PANTHER:PTN000360680|MGI:MGI:1913391	PANTHER:PTHR13999	protein		PMID:21873635	20170502
UniProtKB:H2RAJ3	IFNAR2	Interferon alpha and beta receptor subunit 2		GO:0004905		GO_Central	NCBITaxon:9598	IBA	PANTHER:PTN000466383|UniProtKB:P48551|MGI:MGI:1098243	PANTHER:PTHR20859	protein		PMID:21873635	20170228
UniProtKB:H2RAJ3	IFNAR2	Interferon alpha and beta receptor subunit 2		GO:0060337		GO_Central	NCBITaxon:9598	IBA	PANTHER:PTN000466383|UniProtKB:P48551	PANTHER:PTHR20859	protein		PMID:21873635	20200930
UniProtKB:G5E5L8	LOC112441484	Uncharacterized protein		GO:0060337		GO_Central	NCBITaxon:9913	IBA	PANTHER:PTN000360680|MGI:MGI:1913391	PANTHER:PTHR13999	protein		PMID:21873635	20170502
UniProtKB:G5E542	LOC112444847	Uncharacterized protein		GO:0060337		GO_Central	NCBITaxon:9913	IBA	PANTHER:PTN000360680|MGI:MGI:1913391	PANTHER:PTHR13999	protein		PMID:21873635	20170502
UniProtKB:A0A3Q1MAE8	A0A3Q1MAE8	Uncharacterized protein		GO:0060337		GO_Central	NCBITaxon:9913	IBA	PANTHER:PTN000360680|MGI:MGI:1913391	PANTHER:PTHR13999	protein		PMID:21873635	20170502
UniProtKB:A0A3Q1MA43	IFITM1	Uncharacterized protein		GO:0060337		GO_Central	NCBITaxon:9913	IBA	PANTHER:PTN000360680|MGI:MGI:1913391	PANTHER:PTHR13999	protein		PMID:21873635	20170502
UniProtKB:O02799	STAT2	Signal transducer and activator of transcription 2		GO:0060337		GO_Central	NCBITaxon:9823	IBA	PANTHER:PTN002623821|MGI:MGI:103039|UniProtKB:P52630	PANTHER:PTHR11801	protein		PMID:21873635	20190221
UniProtKB:A0A3Q1MLJ0	A0A3Q1MLJ0	Uncharacterized protein		GO:0060337		GO_Central	NCBITaxon:9913	IBA	PANTHER:PTN000360680|MGI:MGI:1913391	PANTHER:PTHR13999	protein		PMID:21873635	20170502
UniProtKB:A0A3Q1ME65	STAT1	Signal transducer and activator of transcription		GO:0060337		GO_Central	NCBITaxon:9913	IBA	PANTHER:PTN002623830|UniProtKB:P42224|MGI:MGI:103063	PANTHER:PTHR11801	protein		PMID:21873635	20190221
